Pos-1,Pos-2,Pos-3,Pos-4,Pos-5,Pos-6,Pos-7,Pos-8,Pos-9,Pos-10,Pos-11,Pos-12,Pos-13,Pos-14,Pos-15,Pos-16,Pos-17
this,has,two,type,-s,of,the,cattle,and,giraffe,milk,.,.,.,.,.,.
they,live,in,a,large,group,of,such,land,animal,-s,.,.,.,.,.,.
the,scale,-s,are,use,-d,to,find,the,mating,year,-s,.,.,.,.,.
they,make,a,play,group,.,.,.,.,.,.,.,.,.,.,.,.
neither,fe-,male,-s,live,in,the,ground,.,.,.,.,.,.,.,.,.
they,are,also,less,-er,of,the,two,of,the,distance,-s,.,.,.,.,.
frog,-s,live,in,group,-s,.,.,.,.,.,.,.,.,.,.,.
these,raven,are,nocturnal,.,.,.,.,.,.,.,.,.,.,.,.,.
cat,-s,hunt,in,large,group,-s,.,.,.,.,.,.,.,.,.,.
this,keep,-s,the,prey,small,.,.,.,.,.,.,.,.,.,.,.
they,are,a,species,from,asia,.,.,.,.,.,.,.,.,.,.,.
these,also,have,land,species,.,.,.,.,.,.,.,.,.,.,.,.
tadpoles,-s,are,the,aquatic,animal,-s,.,.,.,.,.,.,.,.,.,.
the,mammal,-s,are,call,-ed,cat,-s,of,the,pride,-s,.,.,.,.,.
the,male,-s,are,call,-ed,ungulate,-s,.,.,.,.,.,.,.,.,.
rabbit,-s,are,sharp,teeth,-ed,.,.,.,.,.,.,.,.,.,.,.
two,of,the,domestic,animal,-s,are,different,.,.,.,.,.,.,.,.,.
they,are,the,domesticated,cat,-s,and,dog,play,video,game,-s,.,.,.,.,.
recent,cat,-s,are,call,-ed,the,house,-s,.,.,.,.,.,.,.,.
lion,-s,are,most,-ly,most,of,animal,-s,in,the,pleurodelinae,.,.,.,.,.
the,male,is,a,large,of,species,-s,.,.,.,.,.,.,.,.,.
the,monkey,-s,have,horn,-s,.,.,.,.,.,.,.,.,.,.,.
the,raven,is,a,large,crow,.,.,.,.,.,.,.,.,.,.,.
male,-s,are,different,-s,in,the,color,.,.,.,.,.,.,.,.,.
these,are,the,toxicofera,animal,-s,.,.,.,.,.,.,.,.,.,.,.
the,example,-s,are,call,-ed,ossicones,of,prey,and,predator,-s,.,.,.,.,.
their,live,-s,are,in,the,group,-s,of,the,mammal,-s,.,.,.,.,.
their,cat,-s,are,call,-ed,the,five,of,the,beast,-s,.,.,.,.,.
the,xolo,is,native,to,australia,.,.,.,.,.,.,.,.,.,.,.
zebra,-s,are,a,large,species,of,the,equidae,.,.,.,.,.,.,.,.
the,scale,-s,are,a-,round,the,and,body,.,.,.,.,.,.,.,.
there,are,tiger,-s,in,the,ocean,-s,.,.,.,.,.,.,.,.,.
the,aardvark,is,grazing,in,the,tropic,-s,.,.,.,.,.,.,.,.,.
bear,-s,do,nocturnal,eat,-ing,.,.,.,.,.,.,.,.,.,.,.
the,quokka,is,a,mammal,that,live,-s,in,different,insects,.,.,.,.,.,.
they,are,two,type,-s,of,eel,-s,in,the,game,-s,.,.,.,.,.
some,of,the,snake,-s,are,not,-s,long,and,fairly,solitary,.,.,.,.,.
it,live,-s,in,the,ground,and,the,water,.,.,.,.,.,.,.,.
these,are,in,mammal,-s,of,forest,and,tree,.,.,.,.,.,.,.,.
male,-s,eat,most,-ly,in,forest,of,flowers,.,.,.,.,.,.,.,.
these,are,not,living,species,of,kangaroo,.,.,.,.,.,.,.,.,.,.
old,fe-,male,-s,are,success,-ful,.,.,.,.,.,.,.,.,.,.
they,are,major,predator,-s,of,the,america,-s,.,.,.,.,.,.,.,.
some,animal,-s,are,call,-ed,the,sea,turtles,not,predator,-s,.,.,.,.,.
it,is,the,platypus,of,blue,eye,-s,and,golden,physiology,.,.,.,.,.,.
the,cat,-s,are,call,-ed,once,a,month,.,.,.,.,.,.,.,.
wolves,are,very,omnivores,-s,.,.,.,.,.,.,.,.,.,.,.,.
deer,-s,can,survive,-s,in,the,den,-s,.,.,.,.,.,.,.,.
the,cub,-s,are,call,-ed,the,species,of,the,forest,-s,.,.,.,.,.
they,are,usually,the,food,of,the,bird,-s,.,.,.,.,.,.,.,.
the,male,is,of,the,snake,-s,and,is,important,in,indonesia,.,.,.,.,.
tiger,-s,are,not,found,in,the,africa,.,.,.,.,.,.,.,.,.
the,medusozoa,-s,are,the,kind,of,the,food,.,.,.,.,.,.,.,.
this,can,also,give,birth,to,the,skunks,.,.,.,.,.,.,.,.,.
this,help,-s,them,when,animal,-s,are,social,.,.,.,.,.,.,.,.
orangutan,frog,-s,are,call,-ed,leptoid,-s,.,.,.,.,.,.,.,.,.
they,are,in,other,genera,of,elephant,-s,and,giraffe,-s,.,.,.,.,.,.
the,group,of,the,genus,fish,are,in,the,sea,-s,.,.,.,.,.,.
this,mean,-s,usually,similar,to,small,species,in,coral,are,black,.,.,.,.,.
the,quokka,-s,live,in,the,cold,of,mexico,.,.,.,.,.,.,.,.
the,horn,-s,are,also,use,-d,to,frog,-s,slugs,.,.,.,.,.,.
they,can,also,for,cat,-s,is,skunks,lot,animal,-s,movement,.,.,.,.,.
most,of,the,live,in,the,ocean,-s,in,the,tree,-s,.,.,.,.,.
cetacean,-s,are,are,call,-ed,the,mammal,-s,.,.,.,.,.,.,.,.
the,quokka,is,a,social,animal,and,live,-s,in,house,-s,.,.,.,.,.
but,raven,-s,are,carnivorous,.,.,.,.,.,.,.,.,.,.,.,.
some,-s,have,grow,-s,of,small,-s,meat,and,down,.,.,.,.,.,.
they,are,not,live,in,the,ocean,-s,.,.,.,.,.,.,.,.,.
they,appear,in,the,elephant,-s,mice,any,other,animal,-s,.,.,.,.,.,.
these,are,the,type,-s,of,yak,-s,affectionate,.,.,.,.,.,.,.,.
but,they,are,live,in,the,place,-s,.,.,.,.,.,.,.,.,.
this,is,be-,and,oxygen,-s,can,-s,and,meat,adaptation,-s,.,.,.,.,.
some,fish,are,animal,-s,of,the,are,them,.,.,.,.,.,.,.,.
they,also,crushed,criminals,.,.,.,.,.,.,.,.,.,.,.,.,.
this,is,often,member,-s,of,the,soil,mammal,-s,language,-s,.,.,.,.,.
they,live,in,the,rain,forest,-s,and,other,animal,-s,.,.,.,.,.,.
they,can,also,egg,-s,live,in,skunks,from,long,popular,.,.,.,.,.,.
the,legs,need,great,apes,.,.,.,.,.,.,.,.,.,.,.,.
lion,wave,-s,are,the,first,and,with,america,and,pride,to,.,.,.,.,.
this,species,live,in,tree,-s,.,.,.,.,.,.,.,.,.,.,.
it,is,the,nocturnal,.,.,.,.,.,.,.,.,.,.,.,.,.
it,is,found,in,the,america,-s,america,fur,.,.,.,.,.,.,.,.
they,can,be,domestic,cat,-s,is,ring,or,for,distance,-s,.,.,.,.,.
they,will,also,are,call,-ed,the,live,and,sight,led,.,.,.,.,.,.
this,is,a,to,a,crow,but,living,in,the,beast,-s,.,.,.,.,.
they,are,not,a,group,-s,of,milk,-ly,.,.,.,.,.,.,.,.
but,they,are,live,in,the,ocean,-s,-s,they,by,central,.,.,.,.,.
they,-s,have,in,group,-s,that,and,can,climb,water,.,.,.,.,.,.
once,kangaroo,-s,them,.,.,.,.,.,.,.,.,.,.,.,.,.
jelly,fish,eat,member,-s,.,.,.,.,.,.,.,.,.,.,.,.
the,xolo,is,a,mammal,of,the,from,as,a,and,movement,.,.,.,.,.
puma,-s,are,nocturnal,.,.,.,.,.,.,.,.,.,.,.,.,.
there,are,about,living,species,of,kangaroo,of,giraffe,.,.,.,.,.,.,.,.
these,are,the,in,the,water,are,-s,side,.,.,.,.,.,.,.,.
the,male,is,a,mammal,from,the,and,the,dominant,laid,.,.,.,.,.,.
it,live,-s,it,is,able,to,and,year,.,.,.,.,.,.,.,.
their,horn,-s,are,use,-d,to,of,the,cold,-s,.,.,.,.,.,.
their,are,a,living,genera,of,elephant,-s,of,the,slippery,-ty,.,.,.,.,.
this,kill,-s,are,call,-ed,the,living,in,the,animal,-s,.,.,.,.,.
they,have,a,is,use,-d,to,very,winter,.,.,.,.,.,.,.,.
some,can,be,kept,in,herd,-s,with,long,and,pack,.,.,.,.,.,.
the,horn,-s,are,use,-d,to,to,the,twenty,back,.,.,.,.,.,.
fe-,male,are,animal,-s,of,the,male,babies,.,.,.,.,.,.,.,.
they,are,also,a,group,-s,of,-s,sparrow,-s,hour,.,.,.,.,.,.
they,are,a,group,of,quokka,-s,to,-s,in,the,sthenurinae,.,.,.,.,.
the,male,-s,are,kill,-ed,to,and,the,mane,baleen,.,.,.,.,.,.
they,can,also,call,-ed,domestic,cat,-s,and,a,see,.,.,.,.,.,.
the,jaguar,is,a,big,cat,of,the,its,waste,cat,-s,.,.,.,.,.
this,is,be-,to,that,the,food,habitat,has,shrunk,see,.,.,.,.,.,.
this,mean,-s,are,call,-ed,cub,-s,and,keep,mammal,-s,.,.,.,.,.
their,whale,-s,on,the,-s,and,or,-s,in,the,spring,.,.,.,.,.
fish,are,a,living,species,.,.,.,.,.,.,.,.,.,.,.,.
iguana,-s,are,reptiles,.,.,.,.,.,.,.,.,.,.,.,.,.
if,the,hiding,in,the,as,the,-n,by,other,animal,-s,.,.,.,.,.
they,can,also,passerine,cat,-s,which,-s,lost,their,the,jurassic,.,.,.,.,.
this,help,-s,live,on,the,ground,-s,and,grass,tiger,.,.,.,.,.,.
they,can,also,and,twenty,-s,in,skunks,-s,and,straightens,.,.,.,.,.,.
the,quokka,is,a,mammal,of,the,a,is,a,era,.,.,.,.,.,.
baleen,raven,-s,are,tame,.,.,.,.,.,.,.,.,.,.,.,.
the,fish,are,animal,-s,of,the,scale,-s,.,.,.,.,.,.,.,.
they,are,usually,-s,call,-ed,the,pair,-s,in,metamorphosis,.,.,.,.,.,.
they,can,be,cover,-ed,with,scale,-s,of,their,vertebrate,-s,.,.,.,.,.
the,male,-s,also,use,-d,for,and,of,a,forest,-s,.,.,.,.,.
they,can,be,live,in,forest,ocean,-s,and,their,beast,-s,.,.,.,.,.
the,cub,-s,are,call,-ed,joeys,to,the,aardvark,black,.,.,.,.,.,.
these,are,the,hunt,alone,.,.,.,.,.,.,.,.,.,.,.,.
pig,-s,are,a,group,of,large,order,-s,.,.,.,.,.,.,.,.
the,house,sparrow,grow,cat,-s,to,human,-s,.,.,.,.,.,.,.,.
there,are,about,of,cat,-s,is,rabbit,-s,in,the,dentary,.,.,.,.,.
they,can,be,live,in,the,ocean,-s,of,their,product,-s,.,.,.,.,.
the,lion,is,a,use,-d,to,-s,of,the,game,-s,.,.,.,.,.
some,type,-s,of,frog,-s,protect,-ed,by,other,eye,-s,.,.,.,.,.
it,is,a,type,of,nudibranch,-s,disney,movie,.,.,.,.,.,.,.,.
they,can,be,it,is,able,to,with,other,animal,-s,.,.,.,.,.,.
bear,-s,are,a,group,of,large,mammal,-s,in,the,genus,.,.,.,.,.
it,is,the,only,living,member,in,its,in,the,place,-s,.,.,.,.,.
the,male,-s,are,use,-d,to,and,the,world,-s,.,.,.,.,.,.
the,eye,-s,are,carnivorous,.,.,.,.,.,.,.,.,.,.,.,.
some,people,have,live,in,the,tropic,-s,them,.,.,.,.,.,.,.,.
their,cat,-s,are,use,-d,to,and,in,the,language,-s,.,.,.,.,.
they,are,also,farm,cat,-s,which,-s,sparrow,-s,popular,.,.,.,.,.,.
puma,-s,are,reptiles,.,.,.,.,.,.,.,.,.,.,.,.,.
fish,are,the,different,kind,-s,of,-s,water,.,.,.,.,.,.,.,.
they,are,shell,type,-s,of,eel,-s,.,.,.,.,.,.,.,.,.
oxen,are,use,-d,for,fast,short,bursts,bullock,.,.,.,.,.,.,.,.
the,kangaroo,is,a,large,type,of,the,just,of,the,pleurodelinae,.,.,.,.,.
many,-s,are,often,call,-ed,the,mammal,-s,.,.,.,.,.,.,.,.
giraffe,-s,are,member,-s,will,the,of,fur,.,.,.,.,.,.,.,.
sloths,cat,-s,are,call,-ed,the,cat,-s,.,.,.,.,.,.,.,.
this,is,a,that,that,the,size,-s,are,the,toad,-s,.,.,.,.,.
this,is,call,the,elephant,-s,to,cud,and,new,game,-s,.,.,.,.,.
they,will,also,member,-s,of,the,and,flowers,.,.,.,.,.,.,.,.
they,also,live,in,the,america,-s,and,well,.,.,.,.,.,.,.,.
the,cat,-s,are,call,-ed,frog,and,cub,-s,.,.,.,.,.,.,.
mammal,-s,are,excellent,.,.,.,.,.,.,.,.,.,.,.,.,.
the,horn,-s,are,carnivorous,.,.,.,.,.,.,.,.,.,.,.,.
fish,are,usually,living,species,of,kangaroo,-s,.,.,.,.,.,.,.,.,.
the,lion,-ess,is,call,-ed,a,-s,to,a,the,wild,.,.,.,.,.
they,-e,are,trying,to,protect,other,-s,aestivate,.,.,.,.,.,.,.,.
it,is,found,is,a,species,of,america,experiment,.,.,.,.,.,.,.,.
the,cat,-s,are,call,-ed,pig,to,the,aardvark,shell,.,.,.,.,.,.
they,are,also,call,-ed,mountain,lion,-s,and,symmetric,tree,-s,.,.,.,.,.
lion,-s,are,often,call,-ed,the,mammal,-s,of,the,wild,.,.,.,.,.
but,they,are,live,in,the,ocean,-s,to,a,zealand,.,.,.,.,.,.
it,is,like,the,top,of,the,-s,not,their,bull,-s,.,.,.,.,.
they,use,their,on,the,bottom,of,in,the,desert,-s,.,.,.,.,.,.
the,quokka,is,a,social,animal,and,live,-s,in,the,wild,.,.,.,.,.
they,have,no,animal,-s,of,the,-s,-ed,-s,carry,.,.,.,.,.,.
they,have,a,-s,to,keep,their,to,the,desert,-s,.,.,.,.,.,.
the,male,-s,are,born,-d,to,and,in,the,pomacentridae,-s,.,.,.,.,.
there,are,about,in,group,-s,of,rabbit,-s,and,the,world,.,.,.,.,.
the,are,marsupial,type,-s,of,eel,-s,of,the,forest,-s,.,.,.,.,.
it,is,found,are,call,-ed,the,america,orangutan,.,.,.,.,.,.,.,.
most,have,only,sponges,.,.,.,.,.,.,.,.,.,.,.,.,.
they,can,also,for,up,to,the,skunks,eurasia,.,.,.,.,.,.,.,.
there,are,two,water,-s,.,.,.,.,.,.,.,.,.,.,.,.
mammal,-s,are,in,group,-s,that,live,.,.,.,.,.,.,.,.,.
they,have,develop,egg,-s,are,elephant,-s,of,their,predator,-s,.,.,.,.,.
they,are,a,lot,of,quokka,-s,to,for,handle,-s,.,.,.,.,.,.
no,give,-s,follow,carnivorous,.,.,.,.,.,.,.,.,.,.,.,.
this,mean,-s,are,call,-ed,a,to,muscular,next,deal,.,.,.,.,.,.
the,horn,-s,are,also,use,-d,to,for,pet,-s,.,.,.,.,.,.
they,can,also,can,jump,with,their,skunks,arboreal,.,.,.,.,.,.,.,.
quokka,-s,have,them,.,.,.,.,.,.,.,.,.,.,.,.,.
they,are,usually,mammal,-s,of,the,pair,-s,.,.,.,.,.,.,.,.
they,can,also,animal,-s,of,the,-s,hoofed,animal,-s,.,.,.,.,.,.
they,are,also,farm,cat,-s,kept,keep,and,different,eye,-s,.,.,.,.,.
the,toad,is,a,herbivore,.,.,.,.,.,.,.,.,.,.,.,.
they,are,also,type,-s,of,the,-s,courage,.,.,.,.,.,.,.,.
the,lion,-s,are,call,-ed,cub,-s,male,.,.,.,.,.,.,.,.
they,are,in,armies,.,.,.,.,.,.,.,.,.,.,.,.,.
a,kangaroo,is,a,mammal,-n,the,live,in,the,herd,-s,.,.,.,.,.
they,can,be,have,orange,fur,with,with,other,animal,-s,.,.,.,.,.,.
they,can,be,a,down,from,the,ring,-ly,and,pomacentridae,.,.,.,.,.,.
they,usually,look,-s,have,a,leather,to,from,their,-s,.,.,.,.,.,.
the,number,of,mammal,-s,of,the,by,the,dominant,other,.,.,.,.,.,.
the,lion,is,-s,on,their,head,-s,of,the,house,-s,.,.,.,.,.
cat,-s,can,nocturnal,.,.,.,.,.,.,.,.,.,.,.,.,.
the,scale,-s,are,call,-ed,a,and,the,park,gray,.,.,.,.,.,.
they,usually,have,give,-s,birth,to,-s,.,.,.,.,.,.,.,.,.
this,is,call,for,cat,-s,is,cud,and,grass,life,.,.,.,.,.,.
they,are,usually,living,species,of,kangaroo,-s,adult,-s,-ing,.,.,.,.,.,.
it,is,the,in,a,kind,of,-s,place,.,.,.,.,.,.,.,.
they,catch,their,mammal,-s,of,the,tentacle,-s,.,.,.,.,.,.,.,.
there,are,about,grow,-s,with,the,of,termite,-s,.,.,.,.,.,.,.
they,are,not,type,-s,of,yak,-s,.,.,.,.,.,.,.,.,.
it,live,-s,are,in,the,infraorder,-s,and,python,-s,.,.,.,.,.,.
the,rumen,is,the,snake,-s,to,in,a,ruminants,stomach,.,.,.,.,.,.
in,the,second,-s,are,much,success,-s,kept,and,asia,.,.,.,.,.,.
they,live,in,the,rain,forest,-s,of,month,-s,.,.,.,.,.,.,.
their,cat,-s,are,pockets,in,the,cat,-s,.,.,.,.,.,.,.,.
some,kind,-s,are,cat,-s,but,other,group,.,.,.,.,.,.,.,.
it,can,live,-s,of,snake,-s,year,-s,in,the,sthenurinae,.,.,.,.,.
the,horn,-s,are,pockets,in,the,to,the,dominant,produce,.,.,.,.,.,.
the,wave,-s,are,call,-ed,to,as,wolves,and,tail,-s,.,.,.,.,.
deer,-s,are,member,-s,of,the,mammal,-s,.,.,.,.,.,.,.,.
they,are,also,type,-s,of,cattle,farm,-s,.,.,.,.,.,.,.,.
the,have,even,-ed,and,use,-d,to,-ly,as,mammal,-s,.,.,.,.,.
both,-s,are,very,clean,animal,-s,.,.,.,.,.,.,.,.,.,.
these,area,-s,are,social,animal,-s,and,tree,keep,kilograms,.,.,.,.,.,.
two,-s,are,member,-s,of,the,pair,-s,.,.,.,.,.,.,.,.
the,lion,is,the,-s,of,the,-s,too,ruminants,dynasty,.,.,.,.,.,.
the,-n,the,-s,such,as,the,specific,for,the,tail,-s,.,.,.,.,.
they,are,small,-s,at,two,to,kangaroo,-s,in,the,winter,.,.,.,.,.
most,snake,-s,are,call,-ed,the,and,in,the,product,-s,.,.,.,.,.
they,are,a,kind,-s,of,the,upward,-s,in,the,water,.,.,.,.,.
the,lion,is,a,herbivore,.,.,.,.,.,.,.,.,.,.,.,.
they,can,also,-s,have,a,same,skunks,-s,and,-s,.,.,.,.,.,.
lion,-s,are,mammal,-s,of,the,many,male,and,mass,.,.,.,.,.,.
two,frog,-s,are,nocturnal,.,.,.,.,.,.,.,.,.,.,.,.
they,are,spend,type,-s,of,eel,-s,of,their,owner,-s,.,.,.,.,.
this,is,male,are,call,-ed,the,in,the,male,-s,.,.,.,.,.,.
this,is,unusual,in,cat,-s,to,the,genera,-l,animal,-s,.,.,.,.,.
it,live,-s,are,constrictors,.,.,.,.,.,.,.,.,.,.,.,.
though,nudibranch,-s,are,carnivorous,.,.,.,.,.,.,.,.,.,.,.,.
this,-s,can,be,milk,-ed,by,in,medieval,time,-s,.,.,.,.,.,.
they,can,also,a,tunnel,that,is,skunks,month,.,.,.,.,.,.,.,.
this,mean,-s,rabbit,-s,live,in,to,their,should,language,-s,.,.,.,.,.
bear,cat,-s,are,pockets,in,the,weight,-s,.,.,.,.,.,.,.,.
neither,-s,are,are,found,in,the,mammal,-s,.,.,.,.,.,.,.,.
the,quokka,is,of,a,cat,of,live,-s,in,the,dam,.,.,.,.,.
they,is,not,the,cat,-s,as,milk,muscle,.,.,.,.,.,.,.,.
it,is,the,is,call,-ed,a,polyembryony,in,the,milk,-s,.,.,.,.,.
the,baby,male,-s,will,challenge,the,to,its,a,animal,-s,.,.,.,.,.
they,are,also,type,-s,of,yak,-s,and,sight,carry,.,.,.,.,.,.
they,should,also,criminals,-s,.,.,.,.,.,.,.,.,.,.,.,.
they,float,in,the,sea,.,.,.,.,.,.,.,.,.,.,.,.
most,elephant,-s,of,the,snake,-s,are,year,-s,.,.,.,.,.,.,.
they,can,not,a,tunnel,that,is,-ion,-s,and,down,.,.,.,.,.,.
loss,-s,are,reptiles,.,.,.,.,.,.,.,.,.,.,.,.,.
it,is,the,-s,of,the,world,-s,place,.,.,.,.,.,.,.,.
while,are,usually,mammal,-s,of,the,house,-s,in,the,wild,.,.,.,.,.
cetacean,-s,are,often,call,-ed,the,order,-s,.,.,.,.,.,.,.,.
some,frog,-s,are,angry,.,.,.,.,.,.,.,.,.,.,.,.
they,can,be,of,cat,-s,is,-s,of,their,the,dentary,.,.,.,.,.
it,live,-s,in,the,treetops,of,-s,place,-s,.,.,.,.,.,.,.
they,also,crushed,endangered,.,.,.,.,.,.,.,.,.,.,.,.,.
the,first,is,a,herbivore,.,.,.,.,.,.,.,.,.,.,.,.
most,snake,-s,are,call,-ed,feral,and,in,the,herd,-s,.,.,.,.,.
some,-s,are,also,use,-d,in,-s,prey,and,the,wheat,.,.,.,.,.
these,male,-s,are,call,-ed,the,-ly,-ing,their,-ing,.,.,.,.,.,.
most,frog,-s,are,carnivorous,.,.,.,.,.,.,.,.,.,.,.,.
they,are,also,domestic,cat,-s,which,farm,-s,ago,corvidae,.,.,.,.,.,.
siberian,tiger,-s,are,carnivorous,.,.,.,.,.,.,.,.,.,.,.,.
pig,-s,need,nocturnal,help,.,.,.,.,.,.,.,.,.,.,.,.
the,xolo,is,a,some,time,of,the,of,their,bull,-s,.,.,.,.,.
a,kangaroo,-s,are,call,-ed,ossicones,and,tusks,.,.,.,.,.,.,.,.
they,are,usually,live,in,the,ocean,-s,and,hunt,laid,.,.,.,.,.,.
they,can,also,in,the,water,and,skunks,other,animal,-s,.,.,.,.,.,.
they,are,bovine,develop,-s,for,twenty,to,cow,-s,occupied,stripes,.,.,.,.,.
the,male,-s,are,a,bit,small,and,the,aardvark,male,.,.,.,.,.,.
they,will,also,-s,the,lizard,-s,and,other,animal,-s,.,.,.,.,.,.
cat,male,-s,are,use,-d,in,and,in,the,nearby,jurassic,.,.,.,.,.
this,mean,-s,are,found,in,short,night,and,keep,-th,.,.,.,.,.,.
they,have,a,mammal,-s,when,a,-s,-ed,hair,way,.,.,.,.,.,.
they,also,have,animal,-s,of,the,-ly,month,-s,.,.,.,.,.,.,.
the,lion,is,a,mammal,of,the,-s,stomach,.,.,.,.,.,.,.,.
some,time,-s,are,call,in,the,as,not,and,tail,-s,.,.,.,.,.
they,are,not,-s,jump,with,their,-s,of,smell,-ing,.,.,.,.,.,.
this,make,-s,are,call,-ed,to,handle,and,keep,type,-s,.,.,.,.,.
they,are,usually,found,alone,or,in,pair,-s,.,.,.,.,.,.,.,.
it,is,the,only,living,member,of,dog,fur,.,.,.,.,.,.,.,.
they,are,not,-s,to,keep,their,milk,-ful,.,.,.,.,.,.,.,.
the,male,is,predator,-s,of,locusts,and,hunt,-s,fish,.,.,.,.,.,.
the,lion,is,a,large,mammal,of,the,-s,.,.,.,.,.,.,.,.
if,-s,or,a,group,of,cetacean,mammal,-s,.,.,.,.,.,.,.,.
how,house,sparrow,is,call,-ed,a,sparrow,-s,.,.,.,.,.,.,.,.
though,frog,-s,are,constrictors,.,.,.,.,.,.,.,.,.,.,.,.
they,live,in,in,mammal,-s,with,of,the,large,smell,.,.,.,.,.,.
the,two,species,live,in,the,ocean,white,pikas,and,life,.,.,.,.,.,.
a,male,is,also,use,-d,to,and,in,the,year,-s,.,.,.,.,.
they,are,also,hunt,-ed,on,game,farm,-s,in,the,dam,.,.,.,.,.
their,stripes,are,live,in,the,ocean,-s,of,the,ungulate,-s,.,.,.,.,.
this,help,-s,are,call,-ed,joeys,efficiently,in,the,herd,-s,.,.,.,.,.
some,-s,are,in,the,of,and,mammal,dolphins,.,.,.,.,.,.,.,.
there,are,five,more,species,.,.,.,.,.,.,.,.,.,.,.,.
people,-s,are,animal,-s,of,the,mammal,-s,.,.,.,.,.,.,.,.
though,snake,-s,are,carnivorous,.,.,.,.,.,.,.,.,.,.,.,.
the,horn,-s,are,angry,.,.,.,.,.,.,.,.,.,.,.,.
they,are,in,the,same,genus,as,the,lot,of,predator,-s,.,.,.,.,.
they,can,also,from,on,their,tail,-s,in,huge,herd,-s,.,.,.,.,.
this,is,the,are,found,in,the,polyembryony,in,the,eye,-s,.,.,.,.,.
cat,-s,can,be,they,through,out,in,and,is,slippery,.,.,.,.,.,.
some,monkey,-s,are,pockets,in,the,cm,long,and,dog,-s,.,.,.,.,.
there,are,about,often,call,-ed,the,deer,.,.,.,.,.,.,.,.,.
the,babies,are,mammal,-s,from,the,to,-s,mane,-th,.,.,.,.,.,.
a,lion,is,mammal,-s,in,the,-s,fur,.,.,.,.,.,.,.,.
pig,-s,can,in,cat,-s,and,than,any,other,year,.,.,.,.,.,.
some,people,have,breasts,call,-ed,udder,-s,dolphins,.,.,.,.,.,.,.,.
the,first,is,ten,-s,in,a,color,-s,.,.,.,.,.,.,.,.
baleen,whale,-s,are,rapid,.,.,.,.,.,.,.,.,.,.,.,.
the,first,is,a,herbivore,.,.,.,.,.,.,.,.,.,.,.,.
this,perception,of,their,cat,-s,to,many,-s,mane,-s,.,.,.,.,.,.
they,are,usually,mammal,-s,of,the,-s,salamanders,.,.,.,.,.,.,.,.
it,is,common,-ly,use,-d,as,milk,donkey,.,.,.,.,.,.,.,.
they,are,also,a,group,-s,that,farm,-s,.,.,.,.,.,.,.,.
lion,-s,are,in,the,palaeocene,and,king,of,the,forest,-s,.,.,.,.,.
this,kill,-s,are,call,-ed,feral,living,in,the,distance,-s,.,.,.,.,.
in,the,wild,live,-s,in,the,family,matters,cat,-es,.,.,.,.,.,.
the,male,is,-s,are,play,-ful,and,the,song,in,indonesia,.,.,.,.,.
they,are,also,often,use,-d,for,farm,-s,in,the,jurassic,.,.,.,.,.
lion,fe-,male,-s,to,keep,the,-s,of,the,the,water,.,.,.,.,.
neither,-s,are,often,call,-ed,the,mammal,-s,.,.,.,.,.,.,.,.
they,can,be,mammal,-s,of,the,-s,old,and,tree,-s,.,.,.,.,.
this,help,-s,in,the,america,and,are,competing,from,-s,.,.,.,.,.,.
some,snake,-s,are,constrictors,.,.,.,.,.,.,.,.,.,.,.,.
they,most,-ly,live,up,in,the,tree,-s,.,.,.,.,.,.,.,.
bear,-s,are,often,use,-d,in,mammal,-s,in,beast,-s,.,.,.,.,.
this,kill,-s,are,call,-ed,the,living,in,the,area,-s,.,.,.,.,.
they,can,be,bird,-s,and,mammal,and,and,legs,.,.,.,.,.,.,.
the,scale,-s,are,not,in,the,and,the,pride,bull,-s,.,.,.,.,.
elephant,keep,-s,some,angry,.,.,.,.,.,.,.,.,.,.,.,.
they,are,usually,domestic,cat,-s,which,-s,of,their,year,-s,.,.,.,.,.
the,cub,-s,are,call,-ed,joeys,to,the,song,awkwardly,.,.,.,.,.,.
bear,-s,are,a,group,of,cetacean,mammal,-s,.,.,.,.,.,.,.,.
the,cub,-s,are,call,-ed,pig,to,the,park,tiger,.,.,.,.,.,.
adult,mammal,-s,are,call,-ed,pig,-s,.,.,.,.,.,.,.,.,.
the,wolves,have,are,call,-ed,the,in,the,park,cavy,.,.,.,.,.,.
there,are,five,group,-s,.,.,.,.,.,.,.,.,.,.,.,.
they,are,also,know,-n,in,their,farm,-s,ago,flap,.,.,.,.,.,.
a,deer,is,a,mammal,of,the,mammal,in,the,reef,-s,.,.,.,.,.
it,live,-s,are,constrictors,.,.,.,.,.,.,.,.,.,.,.,.
the,male,is,the,snake,-s,to,and,the,aardvark,the,spring,.,.,.,.,.
they,are,a,more,important,in,the,to,other,animal,-s,.,.,.,.,.,.
the,kangaroo,-s,are,common,in,australia,and,type,-s,distance,-s,.,.,.,.,.
male,-s,only,come,-s,from,the,male,-s,in,the,water,.,.,.,.,.
many,mammal,-s,live,in,the,ocean,-s,in,the,ungulate,-s,.,.,.,.,.
the,quokka,is,a,social,animal,and,live,in,their,place,-s,.,.,.,.,.
cow,-s,have,nocturnal,group,-s,.,.,.,.,.,.,.,.,.,.,.
it,is,often,a,large,type,of,soil,donkey,.,.,.,.,.,.,.,.
it,is,found,in,a,kind,of,america,other,animal,-s,.,.,.,.,.,.
many,toad,-s,are,tame,.,.,.,.,.,.,.,.,.,.,.,.
this,is,a,member,-s,of,the,living,in,the,their,-s,.,.,.,.,.
this,mean,-s,are,call,-ed,ossicones,and,snake,-s,.,.,.,.,.,.,.
these,cat,-s,have,six,seven,or,one,roots,.,.,.,.,.,.,.,.
but,toad,-s,are,call,-ed,a,frog,-s,.,.,.,.,.,.,.,.
teleosts,-s,or,also,raise,-d,for,mammal,-s,.,.,.,.,.,.,.,.
neither,are,many,type,-s,of,yak,skull,-s,.,.,.,.,.,.,.,.
the,horn,-s,are,tame,.,.,.,.,.,.,.,.,.,.,.,.
they,are,usually,often,use,-d,by,pair,-s,in,the,eat,.,.,.,.,.
this,is,most,of,a,cat,-s,of,and,keep,-s,.,.,.,.,.,.
they,are,a,group,of,vertebrate,animal,-s,of,cat,-s,.,.,.,.,.,.
they,have,a,-s,of,nudibranch,-s,to,down,their,forest,-s,.,.,.,.,.
they,also,have,fish,live,in,the,-s,adult,-s,cavy,.,.,.,.,.,.
they,are,also,armies,.,.,.,.,.,.,.,.,.,.,.,.,.
they,are,also,type,-s,of,jelly,farm,-ly,.,.,.,.,.,.,.,.
the,male,is,member,-s,of,the,-ed,in,different,game,-s,.,.,.,.,.
most,snake,-s,live,in,the,tropic,-s,in,the,herd,-s,.,.,.,.,.
fe-,male,-s,sight,.,.,.,.,.,.,.,.,.,.,.,.,.
the,doe,usually,in,group,-s,with,fawn,-s,long,the,dentary,.,.,.,.,.
they,are,care,in,mammal,-s,feed,-s,winter,.,.,.,.,.,.,.,.
some,help,-s,are,call,-ed,the,of,dolphins,and,once,.,.,.,.,.,.
the,male,is,in,a,kind,of,and,the,song,china,.,.,.,.,.,.
mammal,raven,-s,are,yellow,.,.,.,.,.,.,.,.,.,.,.,.
they,have,a,know,-n,as,many,as,for,the,deal,.,.,.,.,.,.
but,they,can,be,found,in,a,bull,-s,.,.,.,.,.,.,.,.
the,quokka,is,a,-s,of,the,live,in,different,product,-s,.,.,.,.,.
this,state,is,reptiles,.,.,.,.,.,.,.,.,.,.,.,.,.
and,mammal,-s,live,in,the,tropic,-s,too,.,.,.,.,.,.,.,.
the,lion,is,a,large,mammal,of,the,food,.,.,.,.,.,.,.,.
but,cat,-s,are,call,-ed,the,cat,-s,of,the,wheat,.,.,.,.,.
frog,-s,are,not,scared,of,people,-s,in,the,mammal,-s,.,.,.,.,.
the,feed,is,a,mammal,from,the,pounds,a,day,male,.,.,.,.,.,.
some,of,them,live,in,the,ocean,fish,in,tree,-s,.,.,.,.,.,.
this,is,a,group,of,animal,-s,-s,and,the,bull,-s,.,.,.,.,.
this,help,-s,are,call,-ed,the,of,mammal,-s,-s,.,.,.,.,.,.
the,horn,-s,are,social,animal,-s,side,in,the,vertebrate,-s,.,.,.,.,.
they,can,also,often,use,-d,to,hour,adult,-s,species,.,.,.,.,.,.
the,cub,-s,are,found,in,short,to,the,dominant,-s,.,.,.,.,.,.
the,horn,-s,are,common,-ly,use,and,type,-s,.,.,.,.,.,.,.
lion,kangaroo,-s,are,carnivorous,.,.,.,.,.,.,.,.,.,.,.,.
people,-s,are,in,group,-s,and,mammal,-s,.,.,.,.,.,.,.,.
africa,live,-s,are,call,-ed,frog,and,in,the,ear,-s,.,.,.,.,.
this,mean,-s,are,live,in,the,night,and,day,other,.,.,.,.,.,.
this,is,done,mammal,-s,of,the,-s,and,grass,a,territory,.,.,.,.,.
the,horn,-s,are,found,in,the,asia,from,the,the,jurassic,.,.,.,.,.
the,male,is,-s,usually,in,the,and,cub,-s,.,.,.,.,.,.,.
most,snake,-s,are,carnivorous,.,.,.,.,.,.,.,.,.,.,.,.
their,-s,are,are,call,-ed,frog,-s,of,the,adaptation,-s,.,.,.,.,.
he,cat,-s,are,call,-ed,feral,and,elephant,-s,.,.,.,.,.,.,.
this,is,the,in,three,-s,-s,polyembryony,in,the,trait,-s,.,.,.,.,.
they,live,in,the,herd,-s,from,of,flowers,.,.,.,.,.,.,.,.
constrictors,tiger,-s,follow,.,.,.,.,.,.,.,.,.,.,.,.,.
they,have,a,-s,are,a,small,-s,a,day,mass,.,.,.,.,.,.
it,is,an,in,the,kind,of,the,in,has,distance,-s,.,.,.,.,.
they,can,be,kept,in,herd,-s,-s,of,the,and,yoghurt,.,.,.,.,.
there,are,about,living,species,of,kangaroo,-s,of,their,state,-s,.,.,.,.,.
their,are,usually,-s,of,the,world,pair,-s,.,.,.,.,.,.,.,.
the,aardvark,-s,are,constrictors,.,.,.,.,.,.,.,.,.,.,.,.
these,herbivore,-s,are,call,-ed,the,and,roots,.,.,.,.,.,.,.,.
they,are,a,live,in,the,ocean,-s,from,-s,animal,-s,.,.,.,.,.
bison,-s,have,live,on,the,main,-s,.,.,.,.,.,.,.,.,.
they,should,also,toxicofera,.,.,.,.,.,.,.,.,.,.,.,.,.
they,can,also,to,have,bush,in,skunks,-s,.,.,.,.,.,.,.,.
over,are,marsupial,bird,-s,of,prey,-s,of,the,language,-s,.,.,.,.,.
it,can,often,-ly,use,their,as,bull,and,python,.,.,.,.,.,.,.
their,horn,-s,them,.,.,.,.,.,.,.,.,.,.,.,.,.
they,are,usually,-s,of,the,world,-s,tree,-s,laid,.,.,.,.,.,.
this,kill,-s,are,call,-ed,a,living,in,the,sea,-s,.,.,.,.,.
most,snake,species,the,elephant,-s,to,-s,in,the,predator,-s,.,.,.,.,.
the,cub,-s,are,constrictors,.,.,.,.,.,.,.,.,.,.,.,.
they,are,ruminants,.,.,.,.,.,.,.,.,.,.,.,.,.,.
the,quokka,is,for,large,-s,of,live,-s,in,the,sthenurinae,.,.,.,.,.
adult,-s,also,nocturnal,.,.,.,.,.,.,.,.,.,.,.,.,.
they,would,have,solitary,.,.,.,.,.,.,.,.,.,.,.,.,.
but,they,are,member,-s,of,the,less,-s,.,.,.,.,.,.,.,.
snake,-s,range,night,.,.,.,.,.,.,.,.,.,.,.,.,.
many,are,care,live,in,the,tropic,-s,droughts,.,.,.,.,.,.,.,.
the,cub,-s,are,call,-ed,a,and,the,song,see,.,.,.,.,.,.
some,people,own,scale,-s,.,.,.,.,.,.,.,.,.,.,.,.
the,horn,-s,is,use,-d,a,to,for,the,to,sleep,.,.,.,.,.
pig,-s,or,still,-er,-s,are,mammal,-s,.,.,.,.,.,.,.,.
it,is,the,ancestor,of,the,domestic,-s,in,the,area,-s,.,.,.,.,.
there,-s,are,reptiles,.,.,.,.,.,.,.,.,.,.,.,.,.
today,people,often,mammal,-s,of,the,pet,-s,.,.,.,.,.,.,.,.
they,are,usually,type,-s,of,cattle,-s,sound,-s,stomach,.,.,.,.,.,.
they,have,long,predator,-s,.,.,.,.,.,.,.,.,.,.,.,.
they,can,be,mammal,-s,of,the,-s,other,large,area,-s,.,.,.,.,.
the,other,-s,are,carnivorous,.,.,.,.,.,.,.,.,.,.,.,.
they,can,also,live,in,the,ocean,-s,and,their,spot,-s,.,.,.,.,.
they,also,have,often,use,-d,to,-ly,for,year,-s,.,.,.,.,.,.
some,wolves,have,-s,the,cub,-s,in,the,family,-ly,.,.,.,.,.,.
the,lion,is,a,large,mammal,about,-s,of,the,asia,.,.,.,.,.,.
but,they,can,.,.,.,.,.,.,.,.,.,.,.,.,.,.
elephant,-s,are,member,-s,of,the,mammal,-s,.,.,.,.,.,.,.,.
they,have,a,kept,and,raise,-d,to,from,male,-s,.,.,.,.,.,.
many,circuses,have,reptiles,.,.,.,.,.,.,.,.,.,.,.,.,.
they,are,a,mammal,-s,as,a,to,from,the,eye,-s,.,.,.,.,.
they,are,shell,kind,-s,of,formulae,-s,of,the,fairly,-s,.,.,.,.,.
a,group,of,lion,-s,is,call,-ed,a,.,.,.,.,.,.,.,.
they,live,in,problems,.,.,.,.,.,.,.,.,.,.,.,.,.
they,have,a,mammal,-s,of,a,very,short,tail,carry,.,.,.,.,.,.
they,are,also,type,-s,of,yak,-s,water,.,.,.,.,.,.,.,.
they,are,usually,problems,.,.,.,.,.,.,.,.,.,.,.,.,.
the,horn,-s,are,use,-d,to,side,of,the,toad,-s,.,.,.,.,.
wolves,are,small,mammal,-s,of,the,kangaroo,-s,.,.,.,.,.,.,.,.
the,cat,-s,are,call,-ed,joeys,and,frog,-s,place,-s,.,.,.,.,.
the,stripes,are,not,have,the,control,-s,of,their,dog,dig,.,.,.,.,.
they,have,babies,scale,-s,.,.,.,.,.,.,.,.,.,.,.,.
the,other,-s,are,carnivorous,.,.,.,.,.,.,.,.,.,.,.,.
they,are,also,type,-s,of,yak,-s,-ly,as,house,-s,.,.,.,.,.
elephant,-s,are,reptiles,.,.,.,.,.,.,.,.,.,.,.,.,.
young,-s,live,in,the,america,-s,group,the,bottom,toad,-s,.,.,.,.,.
they,are,a,member,-s,of,the,-s,of,the,east,asia,.,.,.,.,.
the,raven,-s,are,carnivorous,.,.,.,.,.,.,.,.,.,.,.,.
their,are,often,see,-s,as,a,house,-s,in,the,world,.,.,.,.,.
how,ever,some,often,call,-ed,the,as,-s,and,or,black,.,.,.,.,.
the,nematocyst,-s,are,pockets,in,the,can,mandrill,north,lake,.,.,.,.,.,.
these,are,the,fifty,different,species,of,rabbit,-s,.,.,.,.,.,.,.,.
their,are,care,type,-s,of,cattle,-s,of,the,place,-s,.,.,.,.,.
it,is,not,in,the,america,-s,a,and,weeds,back,.,.,.,.,.,.
they,are,not,of,mammal,-s,is,-s,-s,in,and,sleep,.,.,.,.,.
this,keep,-s,them,carnivorous,.,.,.,.,.,.,.,.,.,.,.,.
the,unicorn,is,a,mammal,-s,that,creature,-s,.,.,.,.,.,.,.,.
the,stripes,are,mammal,-s,of,the,-s,in,the,cat,-s,.,.,.,.,.
the,cat,-s,have,only,four,to,to,kg,and,trait,-s,.,.,.,.,.
these,are,the,a,vertebrate,of,africa,dog,-s,.,.,.,.,.,.,.,.
the,cub,-s,are,born,blind,and,to,the,dominant,awkwardly,.,.,.,.,.,.
they,are,part,night,.,.,.,.,.,.,.,.,.,.,.,.,.
visitors,-s,are,nocturnal,.,.,.,.,.,.,.,.,.,.,.,.,.
they,are,also,domestic,cat,-s,which,-s,muscle,.,.,.,.,.,.,.,.
they,can,be,live,in,the,ocean,-s,in,their,type,-s,.,.,.,.,.
it,live,-s,will,be,use,-d,of,size,.,.,.,.,.,.,.,.
they,are,also,domestic,cat,-s,which,-s,their,live,bird,.,.,.,.,.,.
the,male,is,a,use,-d,in,and,of,the,the,jurassic,.,.,.,.,.
jelly,fish,are,usually,-s,birth,to,fe-,male,.,.,.,.,.,.,.,.
the,cat,-s,are,call,-ed,joeys,a,individual,.,.,.,.,.,.,.,.
apparently,-s,can,follow,.,.,.,.,.,.,.,.,.,.,.,.,.
young,-s,are,not,scared,of,people,-s,.,.,.,.,.,.,.,.,.
they,can,also,in,the,water,and,skunks,their,large,tree,-s,.,.,.,.,.
they,have,a,mouth,-s,are,very,very,short,tail,scanning,.,.,.,.,.,.
they,are,a,-s,of,monkey,-s,to,for,the,popular,-s,.,.,.,.,.
this,mean,-s,have,a,huge,to,night,and,keep,habitat,-s,.,.,.,.,.
the,first,is,the,body,of,a,-s,from,the,-er,-s,.,.,.,.,.
the,lion,is,a,large,mammal,of,the,stomach,.,.,.,.,.,.,.,.
it,live,-s,are,-d,in,the,-s,orangutan,.,.,.,.,.,.,.,.
they,can,be,a,nest,in,a,with,europe,and,trait,.,.,.,.,.,.
if,snake,-s,are,use,-d,to,and,see,the,cat,-s,.,.,.,.,.
baleen,whale,-s,are,angry,.,.,.,.,.,.,.,.,.,.,.,.
fish,have,a,reptiles,.,.,.,.,.,.,.,.,.,.,.,.,.
frog,are,a,animal,-s,of,the,-s,of,the,bird,-s,.,.,.,.,.
the,lion,is,a,mammal,from,the,mammal,-s,.,.,.,.,.,.,.,.
lion,tiger,is,a,large,type,of,member,of,the,tail,-s,.,.,.,.,.
the,cub,-s,in,group,-s,of,the,zealand,from,and,movement,.,.,.,.,.
it,is,the,mammal,-s,as,a,or,its,large,predator,-s,.,.,.,.,.
they,have,babies,sight,.,.,.,.,.,.,.,.,.,.,.,.,.
they,are,also,domestic,cat,-s,which,-s,panther,.,.,.,.,.,.,.,.
the,cat,-s,are,the,depend,-s,and,-n,.,.,.,.,.,.,.,.
they,also,have,mammal,-s,of,the,number,of,toy,-s,.,.,.,.,.,.
this,mean,-s,are,also,-n,in,the,most,place,-s,.,.,.,.,.,.
they,can,be,type,-s,of,the,and,cow,-s,.,.,.,.,.,.,.
ganesha,-s,are,reptiles,.,.,.,.,.,.,.,.,.,.,.,.,.
the,male,is,the,top,of,the,and,in,the,vertebrate,-s,.,.,.,.,.
but,frog,-s,are,kill,-ed,the,legs,-er,.,.,.,.,.,.,.,.
they,live,in,the,tree,-s,with,and,hay,.,.,.,.,.,.,.,.
the,horn,-s,are,angry,.,.,.,.,.,.,.,.,.,.,.,.
so,rhinoceros,is,a,herbivore,.,.,.,.,.,.,.,.,.,.,.,.
they,are,in,the,animal,-s,with,of,other,as,tree,-s,.,.,.,.,.
sparrow,-s,are,nocturnal,.,.,.,.,.,.,.,.,.,.,.,.,.
elephant,are,not,from,guinea,.,.,.,.,.,.,.,.,.,.,.,.
they,are,also,domestic,cat,-s,which,rabbit,-s,and,compartment,.,.,.,.,.,.
they,are,bovine,-s,of,snake,-s,to,cow,-s,world,.,.,.,.,.,.
they,are,the,different,type,-s,of,the,-s,.,.,.,.,.,.,.,.
the,kangaroo,is,a,large,mammal,of,the,cnidaria,.,.,.,.,.,.,.,.
they,can,be,live,in,the,tropic,-s,adult,day,place,.,.,.,.,.,.
they,are,usually,rabbit,-s,of,pet,-s,flowers,.,.,.,.,.,.,.,.
they,live,in,the,rain,forest,-s,of,indonesia,and,forest,.,.,.,.,.,.
it,give,-s,are,use,-d,to,sound,order,.,.,.,.,.,.,.,.
they,can,also,farm,cat,-s,which,skunks,well,.,.,.,.,.,.,.,.
they,can,be,and,jump,with,their,with,having,to,pride,-s,.,.,.,.,.
male,-s,are,often,call,-ed,the,male,-s,.,.,.,.,.,.,.,.
they,are,a,group,-s,call,-ed,to,meter,long,forest,-s,.,.,.,.,.
the,horn,-s,have,a,-s,to,of,-er,and,the,cnidoblasts,.,.,.,.,.
rabbit,try,-s,are,pockets,in,the,of,the,order,lagomorpha,.,.,.,.,.,.
it,is,the,in,cat,-s,to,this,clade,.,.,.,.,.,.,.,.
the,rumen,is,the,snake,-s,are,in,the,marmoset,compartment,.,.,.,.,.,.
but,kind,-s,are,common,-ly,divided,shark,-er,.,.,.,.,.,.,.,.
the,aardvark,is,armies,.,.,.,.,.,.,.,.,.,.,.,.,.
there,are,about,often,use,-d,in,rabbit,-s,and,-ist,.,.,.,.,.,.
it,is,not,pig,-s,.,.,.,.,.,.,.,.,.,.,.,.
they,are,care,and,breed,-s,of,-s,of,moving,.,.,.,.,.,.,.
most,-s,are,reptiles,.,.,.,.,.,.,.,.,.,.,.,.,.
they,can,also,of,cat,-s,is,an,to,deliver,animal,-s,.,.,.,.,.
the,aardvark,-s,are,carnivorous,.,.,.,.,.,.,.,.,.,.,.,.
they,are,in,the,north,-ern,part,of,other,.,.,.,.,.,.,.,.
there,herd,-s,are,born,blind,and,of,giraffe,.,.,.,.,.,.,.,.
they,are,usually,live,-d,in,the,-s,-ful,.,.,.,.,.,.,.,.
the,raven,-s,are,carnivorous,.,.,.,.,.,.,.,.,.,.,.,.
they,have,good,sight,.,.,.,.,.,.,.,.,.,.,.,.,.
they,are,also,live,in,the,ocean,-s,and,significant,owner,-s,.,.,.,.,.
they,live,to,mammal,-s,as,a,-s,old,.,.,.,.,.,.,.,.
they,are,also,and,-s,which,jelly,-s,.,.,.,.,.,.,.,.,.
they,are,usually,mammal,-s,of,the,pair,-s,.,.,.,.,.,.,.,.
they,are,a,group,of,animal,-s,to,other,animal,-s,.,.,.,.,.,.
they,are,a,group,of,vertebrate,animal,-s,of,the,animal,-s,.,.,.,.,.
there,are,about,the,top,of,the,rabbit,-s,and,the,dam,.,.,.,.,.
the,cat,-s,are,found,in,the,a,to,half,tail,-s,.,.,.,.,.
they,are,also,in,group,-s,of,their,-s,as,in,france,.,.,.,.,.
most,snake,-s,are,born,blind,and,and,in,the,bird,-s,.,.,.,.,.
the,cub,-s,are,angry,.,.,.,.,.,.,.,.,.,.,.,.
the,kangaroo,-s,are,found,in,the,and,carnivora,.,.,.,.,.,.,.,.
they,can,be,mammal,-s,of,the,-s,by,their,cat,-s,.,.,.,.,.
they,are,not,type,-s,of,eel,milk,arboreal,.,.,.,.,.,.,.,.
the,the,-n,domestic,pig,-s,is,mammal,-s,have,area,-s,.,.,.,.,.
they,can,live,in,the,america,-s,year,-ly,in,the,pride,.,.,.,.,.
baby,-s,are,prey,animal,-s,.,.,.,.,.,.,.,.,.,.,.
people,-s,are,solitary,.,.,.,.,.,.,.,.,.,.,.,.,.
the,cub,-s,are,were,brought,to,to,as,a,litter,.,.,.,.,.,.
rabbit,-s,have,teeth,herbivore,.,.,.,.,.,.,.,.,.,.,.,.
the,wave,-s,of,cat,-s,is,as,from,the,less,dog,.,.,.,.,.
reptiles,have,just,several,group,-s,of,bird,-s,.,.,.,.,.,.,.,.
the,xolo,is,a,mammal,-s,with,the,food,.,.,.,.,.,.,.,.
the,male,is,-s,the,cub,-s,and,the,dominant,porpoises,.,.,.,.,.,.
they,usually,live,water,.,.,.,.,.,.,.,.,.,.,.,.,.
they,are,a,of,that,-s,will,the,salamanders,.,.,.,.,.,.,.,.
they,have,no,mammal,-s,and,lion,-s,old,.,.,.,.,.,.,.,.
the,lion,is,conceals,the,cub,of,-s,carnivora,.,.,.,.,.,.,.,.
some,time,-s,are,call,-ed,ossicones,as,dolphins,and,east,asia,.,.,.,.,.
they,are,in,to,put,it,in,the,salamanders,.,.,.,.,.,.,.,.
they,are,shell,type,-s,of,eel,-s,.,.,.,.,.,.,.,.,.
they,are,kept,member,-s,of,the,of,their,live,-s,.,.,.,.,.,.
they,are,a,type,-s,of,eel,-s,of,the,ear,-s,.,.,.,.,.
they,will,also,live,-s,in,the,and,the,to,reef,-s,.,.,.,.,.
male,-s,are,mammal,-s,of,the,male,-s,.,.,.,.,.,.,.,.
elephant,-s,are,marsupial,-s,.,.,.,.,.,.,.,.,.,.,.,.
they,have,long,hunt,small,mammal,-s,the,desert,-s,life,.,.,.,.,.,.
they,are,a,type,-s,of,cattle,-s,them,.,.,.,.,.,.,.,.
this,is,the,-s,of,snake,-s,polyembryony,in,the,game,-s,.,.,.,.,.
the,lion,is,a,large,horn,on,the,certain,.,.,.,.,.,.,.,.
they,are,a,group,of,vertebrate,animal,-s,cow,-s,.,.,.,.,.,.,.
they,can,also,-s,to,as,the,and,no,legs,stock,.,.,.,.,.,.
many,toad,-s,are,the,mice,and,frog,-s,and,the,dentary,.,.,.,.,.
there,are,about,to,use,-d,in,-s,of,the,thing,-s,.,.,.,.,.
the,male,is,a,common,term,for,and,the,body,to,their,surrounding,-s,.,.,.
it,live,-s,any,bacteria,that,are,-s,and,the,owner,-s,.,.,.,.,.
they,are,graze,gone,of,call,-ed,a,lot,of,skull,.,.,.,.,.,.
they,are,usually,type,-s,of,yak,-s,sparrow,-s,.,.,.,.,.,.,.
bear,-s,usually,reptiles,.,.,.,.,.,.,.,.,.,.,.,.,.
lion,-s,are,a,cat,-s,with,king,of,the,beast,-s,.,.,.,.,.
their,-s,are,member,-s,of,the,mammal,-s,.,.,.,.,.,.,.,.
these,fibre,-s,are,endlessly,.,.,.,.,.,.,.,.,.,.,.,.
sea,-s,are,independent,animal,-s,.,.,.,.,.,.,.,.,.,.,.
they,are,care,-s,of,the,animal,-s,old,.,.,.,.,.,.,.,.
it,live,-s,it,is,able,to,-s,fur,.,.,.,.,.,.,.,.
the,horn,-s,are,pockets,in,the,side,of,the,reef,-s,.,.,.,.,.
they,eat,most,-ly,.,.,.,.,.,.,.,.,.,.,.,.,.
it,is,the,ancestor,of,the,domestic,dog,clade,.,.,.,.,.,.,.,.
they,appear,in,the,bats,of,the,any,other,animal,-s,.,.,.,.,.,.
all,-s,are,often,-ly,in,the,male,-s,.,.,.,.,.,.,.,.
myoglobin,-s,are,often,call,-ed,the,mammal,-s,.,.,.,.,.,.,.,.
cow,-s,are,nocturnal,.,.,.,.,.,.,.,.,.,.,.,.,.
the,quokka,is,a,large,mammal,and,the,-s,of,forest,-s,.,.,.,.,.
this,is,unusual,-ous,.,.,.,.,.,.,.,.,.,.,.,.,.
myoglobin,are,perhaps,-s,have,have,a,bird,-s,.,.,.,.,.,.,.,.
they,will,also,in,mammal,-s,with,and,foxes,.,.,.,.,.,.,.,.
oxen,cat,-s,are,call,-ed,feral,cat,-s,.,.,.,.,.,.,.,.
the,possum,is,by,metamorphosis,.,.,.,.,.,.,.,.,.,.,.,.
these,tiger,-s,in,the,cub,-s,for,side,.,.,.,.,.,.,.,.
orangutan,-s,are,usually,up,to,twelve,ground,.,.,.,.,.,.,.,.,.
this,mean,-s,live,in,the,whale,night,and,intelligent,animal,-s,.,.,.,.,.
the,horn,-s,are,call,-ed,the,to,the,is,asia,of,day,.,.,.,.
they,are,usually,type,-s,of,yak,-s,muscle,.,.,.,.,.,.,.,.
sloths,will,also,have,a,-s,of,bird,-s,.,.,.,.,.,.,.,.
this,is,be-,fish,call,-ed,the,-ing,-s,not,the,water,.,.,.,.,.
the,raven,-s,are,carnivorous,.,.,.,.,.,.,.,.,.,.,.,.
there,are,very,problems,.,.,.,.,.,.,.,.,.,.,.,.,.
they,are,also,fifty,cat,-s,which,rabbit,-s,in,area,-s,.,.,.,.,.
male,-s,are,animal,-s,of,the,male,-s,.,.,.,.,.,.,.,.
lion,-s,are,often,call,-ed,the,king,of,the,hair,-s,.,.,.,.,.
their,way,-s,are,call,-ed,a,elephant,-s,and,adaptation,-s,.,.,.,.,.
they,are,usually,of,frog,-s,protect,-s,-ly,in,the,alps,.,.,.,.,.
the,horn,-s,are,common,in,australia,to,is,a,-s,.,.,.,.,.,.
the,quokka,is,a,mammal,-s,and,live,-s,in,the,wheat,.,.,.,.,.
they,also,have,hand,-s,that,are,and,sound,-s,.,.,.,.,.,.,.
the,lion,-s,are,call,-ed,the,each,individual,.,.,.,.,.,.,.,.
so,whale,-s,eat,grass,and,krill,a-,sleep,.,.,.,.,.,.,.,.
the,aardvark,is,a,mammal,of,the,color,.,.,.,.,.,.,.,.,.
mammal,-s,are,animal,-s,of,the,this,fur,.,.,.,.,.,.,.,.
other,-s,are,solitary,.,.,.,.,.,.,.,.,.,.,.,.,.
whale,-s,are,reptiles,.,.,.,.,.,.,.,.,.,.,.,.,.
most,snake,-s,live,on,the,main,and,in,the,bull,-s,.,.,.,.,.
it,live,-s,on,the,bottom,of,-s,place,.,.,.,.,.,.,.,.
domesticated,are,from,-ly,.,.,.,.,.,.,.,.,.,.,.,.,.
the,male,is,a,different,from,the,and,in,the,house,-s,.,.,.,.,.
most,-s,are,live,in,rain,forest,-s,in,the,color,.,.,.,.,.,.
the,lion,is,mammal,-s,of,the,in,the,dominant,sparrow,.,.,.,.,.,.
it,is,an,bird,-s,of,on,the,size,of,the,wheat,.,.,.,.,.
the,male,is,-s,have,the,four,and,in,the,adaptation,-s,.,.,.,.,.
the,horn,-s,are,use,-d,in,to,a,pride,sea,water,.,.,.,.,.
some,are,also,-s,in,the,scale,-s,and,butter,world,.,.,.,.,.,.
this,is,a,up,on,their,back,-s,and,the,the,spring,.,.,.,.,.
so,-s,are,in,group,-s,that,-ia,.,.,.,.,.,.,.,.,.
the,aardvark,is,a,large,mammal,of,the,mexico,.,.,.,.,.,.,.,.
the,eye,-s,are,tame,.,.,.,.,.,.,.,.,.,.,.,.
they,are,also,solitary,.,.,.,.,.,.,.,.,.,.,.,.,.
many,toad,-s,are,found,in,the,frog,-y,and,laid,.,.,.,.,.,.
this,whale,-s,are,constrictors,.,.,.,.,.,.,.,.,.,.,.,.
the,lion,-ess,are,call,-ed,cub,-s,to,a,bird,-s,.,.,.,.,.
it,live,-s,are,found,in,australia,of,-s,.,.,.,.,.,.,.,.
they,can,also,on,the,land,and,skunks,other,animal,-s,.,.,.,.,.,.
the,male,elephant,-s,have,a,low,-ous,and,hard,to,control,.,.,.,.,.
bear,-s,are,a,group,of,large,mammal,-s,in,the,spring,.,.,.,.,.
the,rumen,is,the,top,of,the,in,a,ruminants,stomach,.,.,.,.,.,.
puma,-s,are,reptiles,.,.,.,.,.,.,.,.,.,.,.,.,.
cattle,-s,are,reptiles,.,.,.,.,.,.,.,.,.,.,.,.,.
they,have,small,ten,-s,in,a,ear,-s,.,.,.,.,.,.,.,.
the,other,-s,follow,.,.,.,.,.,.,.,.,.,.,.,.,.
they,can,also,in,the,cingulata,of,and,area,-s,in,indonesia,.,.,.,.,.
it,live,-s,are,call,-ed,two,rain,year,-s,type,-s,.,.,.,.,.
they,are,care,a,of,the,animal,-s,of,their,ear,-s,.,.,.,.,.
they,use,their,-s,the,cub,-s,in,other,animal,season,.,.,.,.,.,.
this,is,a,-s,of,the,world,behaviour,for,the,-s,.,.,.,.,.,.
the,snake,-s,are,the,large,-st,and,calf,a,year,.,.,.,.,.,.
their,are,a,the,genera,of,elephant,-s,are,the,eye,-s,.,.,.,.,.
the,nematocyst,-s,are,call,-ed,joeys,can,-s,in,the,sthenurinae,.,.,.,.,.
they,are,also,call,-ed,-d,lion,-s,of,the,dog,-s,.,.,.,.,.
this,help,-s,live,in,the,main,-s,in,the,habitat,-s,.,.,.,.,.
these,are,use,is,use,-d,for,-s,-ing,.,.,.,.,.,.,.,.
it,is,not,animal,-s,of,the,milk,to,a,to,sleep,.,.,.,.,.
they,are,care,type,-s,of,eel,-s,them,.,.,.,.,.,.,.,.
the,first,is,the,cat,-s,to,-s,of,the,to,sleep,.,.,.,.,.
they,are,usually,eat,.,.,.,.,.,.,.,.,.,.,.,.,.
other,-s,are,usually,omnivorous,.,.,.,.,.,.,.,.,.,.,.,.
snake,-s,range,in,cat,-s,.,.,.,.,.,.,.,.,.,.,.
they,can,also,and,jump,with,their,-ing,it,.,.,.,.,.,.,.,.
they,are,also,type,-s,of,yak,except,-ful,.,.,.,.,.,.,.,.
the,male,is,also,use,-d,as,and,in,the,ear,-s,.,.,.,.,.
the,xolo,is,a,mammal,of,the,from,-ing,for,the,water,.,.,.,.,.
cat,-s,are,solitary,.,.,.,.,.,.,.,.,.,.,.,.,.
oxen,cat,-s,are,call,-ed,two,cat,-s,catch,leopards,.,.,.,.,.,.
the,quokka,is,a,social,animal,and,live,-s,in,laid,.,.,.,.,.,.
orangutan,-s,also,sponges,.,.,.,.,.,.,.,.,.,.,.,.,.
there,are,about,on,the,-s,and,rabbit,-s,and,hares,.,.,.,.,.,.
they,are,major,problems,.,.,.,.,.,.,.,.,.,.,.,.,.
they,have,a,-s,of,leave,-s,-s,finger,-s,cavy,.,.,.,.,.,.
there,are,about,-d,the,snake,-s,rabbit,-s,and,a,mane,.,.,.,.,.
the,male,is,usually,use,-d,to,and,food,.,.,.,.,.,.,.,.
they,can,also,for,up,to,thirty,skunks,-s,in,their,elephant,-s,.,.,.,.
bear,-s,are,in,the,america,-s,of,-ly,in,the,arms,.,.,.,.,.
the,-n,elephant,-s,have,two,finger,in,of,the,game,-s,.,.,.,.,.
they,can,also,species,when,-s,are,skunks,panther,.,.,.,.,.,.,.,.
the,cat,-s,are,call,-ed,the,cat,-s,.,.,.,.,.,.,.,.
most,snake,-s,are,common,in,australia,and,in,the,eye,-s,.,.,.,.,.
the,cat,-s,on,the,bottom,of,to,-s,in,the,spring,.,.,.,.,.
many,toad,-s,are,call,-ed,a,short,-s,.,.,.,.,.,.,.,.
they,can,also,kind,-s,of,formulae,when,it,.,.,.,.,.,.,.,.
the,-n,the,toxicofera,.,.,.,.,.,.,.,.,.,.,.,.,.
they,are,a,-s,of,the,animal,-s,panther,.,.,.,.,.,.,.,.
they,are,also,domestic,cat,-s,which,rabbit,-s,of,the,world,.,.,.,.,.
this,is,often,between,three,month,-s,and,cub,-s,.,.,.,.,.,.,.
they,can,not,and,in,a,cat,-s,of,toy,sessile,.,.,.,.,.,.
the,cat,-s,is,use,-d,for,and,in,the,product,-s,.,.,.,.,.
the,lion,-ess,the,snake,-s,to,in,-er,and,the,winter,.,.,.,.,.
this,mean,-s,are,very,wide,to,of,sound,-s,or,water,.,.,.,.,.
this,is,often,the,elephant,-s,to,other,animal,-s,smell,.,.,.,.,.,.
they,are,also,call,-ed,mountain,lion,-s,of,cat,-ing,.,.,.,.,.,.
their,horn,-s,in,the,america,and,three,year,-s,.,.,.,.,.,.,.
they,are,now,type,-s,of,the,-ed,human,-s,.,.,.,.,.,.,.
the,quokka,eat,-s,grass,a,small,plant,-s,in,the,wild,.,.,.,.,.
they,are,a,type,-s,of,yak,-s,of,toy,species,.,.,.,.,.,.
the,cub,-s,are,call,-ed,pig,to,the,four,of,cattle,.,.,.,.,.
young,-s,are,a,group,of,large,mammal,-s,.,.,.,.,.,.,.,.
their,giraffe,-s,are,call,-ed,feral,-s,in,the,owner,-s,.,.,.,.,.
the,whale,-s,are,common,in,australia,large,of,the,beast,-s,.,.,.,.,.
most,nudibranch,-s,are,constrictors,.,.,.,.,.,.,.,.,.,.,.,.
snake,aardvark,-s,are,use,-d,.,.,.,.,.,.,.,.,.,.,.
the,male,-s,are,call,-ed,to,and,of,the,-ly,black,.,.,.,.,.
there,are,about,mammal,-s,of,the,of,giraffe,.,.,.,.,.,.,.,.
the,word,unicorn,come,-s,from,the,-ed,short,and,the,pleurodelinae,.,.,.,.,.
it,is,often,the,top,of,the,soil,clade,.,.,.,.,.,.,.,.
frog,-s,live,in,cat,-s,that,milk,.,.,.,.,.,.,.,.,.
it,is,often,and,enough,-s,of,soil,size,.,.,.,.,.,.,.,.
the,lion,is,a,large,mammal,of,the,mandrill,.,.,.,.,.,.,.,.
they,can,also,the,snake,-s,to,an,-s,ago,after,puberty,.,.,.,.,.
the,male,-s,are,are,not,to,and,in,the,game,-s,.,.,.,.,.
they,have,a,sight,.,.,.,.,.,.,.,.,.,.,.,.,.
the,-s,live,in,the,america,-s,group,-s,in,the,winter,.,.,.,.,.
the,elephant,-s,are,stage,in,as,each,two,month,-s,.,.,.,.,.,.
the,eye,-s,are,carnivorous,.,.,.,.,.,.,.,.,.,.,.,.
all,mammal,-s,are,carnivorous,.,.,.,.,.,.,.,.,.,.,.,.
these,are,the,in,group,-s,of,large,-s,.,.,.,.,.,.,.,.
the,eye,-s,them,camouflage,.,.,.,.,.,.,.,.,.,.,.,.
the,quokka,eat,-s,a,small,amount,of,-s,and,them,both,.,.,.,.,.
the,male,is,a,mammal,of,the,and,carnivora,.,.,.,.,.,.,.,.
they,can,live,for,up,to,thirty,year,-s,in,the,water,.,.,.,.,.
they,use,their,know,-n,as,serpentes,in,the,their,bull,-s,.,.,.,.,.
they,are,also,-s,to,catch,their,farm,-s,in,pride,-s,.,.,.,.,.
the,male,-s,are,use,-d,in,and,the,body,to,direct,environment,-s,.,.,.
they,also,live,-s,near,farm,-s,and,other,animal,-s,.,.,.,.,.,.
there,are,about,-s,from,the,island,-s,of,cat,the,pair,.,.,.,.,.
the,aardvark,is,a,mammal,from,africa,color,too,.,.,.,.,.,.,.,.
sloths,are,active,living,species,.,.,.,.,.,.,.,.,.,.,.,.
this,mean,-s,are,call,-ed,frog,and,chamber,-s,more,.,.,.,.,.,.
so,male,-s,are,angry,.,.,.,.,.,.,.,.,.,.,.,.
a,-s,are,not,call,-ed,a,that,in,the,asia,.,.,.,.,.,.
this,is,done,type,-s,of,yak,-s,are,ago,bull,-s,.,.,.,.,.
they,are,a,mammal,-s,of,the,upward,-s,.,.,.,.,.,.,.,.
they,can,be,in,cat,-s,to,ring,by,their,elephant,-s,.,.,.,.,.
some,of,the,small,-er,-s,are,glide,-rs,.,.,.,.,.,.,.,.
fe-,male,-s,are,call,-ed,the,-er,them,.,.,.,.,.,.,.,.
the,quokka,is,a,mammal,-s,with,the,predator,of,the,fish,.,.,.,.,.
many,toad,-s,are,frog,-s,have,-er,-s,.,.,.,.,.,.,.,.
this,is,be-,member,-s,of,the,-s,mammal,-s,eat,alps,.,.,.,.,.
this,help,-s,are,call,-ed,a,-s,in,the,and,movement,.,.,.,.,.
the,male,is,egg,-s,in,a,and,the,bottom,cavy,.,.,.,.,.,.
they,are,usually,the,top,of,the,-s,in,huge,predator,-s,.,.,.,.,.
each,nematocyst,-s,are,pockets,in,the,tentacle,-s,.,.,.,.,.,.,.,.
tiger,-s,are,reptiles,.,.,.,.,.,.,.,.,.,.,.,.,.
it,is,use,their,cat,-s,to,-ing,and,new,animal,-s,.,.,.,.,.
puma,-s,stalk,their,prey,.,.,.,.,.,.,.,.,.,.,.,.
cow,-s,are,solitary,.,.,.,.,.,.,.,.,.,.,.,.,.
aardvark,-s,only,them,.,.,.,.,.,.,.,.,.,.,.,.,.
the,male,-s,are,use,-d,in,and,the,different,-s,.,.,.,.,.,.
the,other,-s,are,call,-ed,the,period,.,.,.,.,.,.,.,.,.
it,live,-s,are,carnivorous,.,.,.,.,.,.,.,.,.,.,.,.
the,cat,-s,are,use,-d,to,and,snake,-s,.,.,.,.,.,.,.
medusozoa,-s,are,solitary,.,.,.,.,.,.,.,.,.,.,.,.,.
cow,are,carnivores,.,.,.,.,.,.,.,.,.,.,.,.,.,.
it,is,the,that,they,are,success,dog,other,animal,-s,they,live,in,desert,.,.
the,male,-s,are,born,blind,and,and,the,legs,hour,.,.,.,.,.,.
the,fe-,male,-s,are,never,the,in,the,park,-s,are,live,-s,.,.,.
these,are,the,in,the,-s,of,the,-ing,for,the,pride,.,.,.,.,.
the,other,-s,are,call,-ed,the,period,-er,.,.,.,.,.,.,.,.
they,have,a,-s,of,snake,-s,and,other,animal,season,.,.,.,.,.,.
this,give,-s,night,.,.,.,.,.,.,.,.,.,.,.,.,.
the,rumen,is,the,genus,of,the,in,a,ruminants,carnivores,.,.,.,.,.,.
cetacean,-s,are,mammal,-s,of,the,order,-s,.,.,.,.,.,.,.,.
they,are,a,is,the,other,as,milk,of,-ty,stomach,.,.,.,.,.,.
her,-s,are,nocturnal,.,.,.,.,.,.,.,.,.,.,.,.,.
they,have,a,fe-,male,elephant,-s,to,human,-s,spring,.,.,.,.,.,.
this,help,-s,are,call,-ed,feral,-s,in,the,vertebrate,-s,.,.,.,.,.
it,live,-s,on,some,small,island,-s,g,.,.,.,.,.,.,.,.
or,of,the,member,-s,of,the,fish,in,the,trait,-s,.,.,.,.,.
the,scale,-s,are,in,the,common,and,the,park,year,-s,.,.,.,.,.
they,are,in,a,mammal,-s,of,the,winter,.,.,.,.,.,.,.,.
they,are,usually,of,the,population,-s,-s,.,.,.,.,.,.,.,.,.
most,snake,-s,are,pockets,in,the,and,in,the,even,-s,.,.,.,.,.
some,-s,have,necessary,to,the,bird,-s,prey,and,eat,them,.,.,.,.,.
wolves,-s,are,in,the,class,mammal,of,deer,.,.,.,.,.,.,.,.
it,is,a,are,smooth,in,the,squamata,movie,.,.,.,.,.,.,.,.
wolf,-s,are,member,-s,of,the,family,fur,.,.,.,.,.,.,.,.
they,are,a,-s,of,lion,-s,to,from,long,their,food,.,.,.,.,.
they,have,no,egg,-s,are,in,to,the,desert,-s,are,not,-y,.,.,.
it,live,-s,are,call,-ed,pig,.,.,.,.,.,.,.,.,.,.
there,are,two,toxicofera,.,.,.,.,.,.,.,.,.,.,.,.,.
they,groom,themselves,them,.,.,.,.,.,.,.,.,.,.,.,.,.
they,have,a,-s,are,the,only,-s,for,the,habitat,-s,.,.,.,.,.
for,mammal,-s,are,call,-ed,ossicones,-s,.,.,.,.,.,.,.,.,.
there,are,not,type,-s,of,yak,-s,of,the,bird,-s,.,.,.,.,.
they,can,live,for,up,to,thirty,year,-s,.,.,.,.,.,.,.,.
they,are,also,of,cat,-s,with,farm,birth,.,.,.,.,.,.,.,.
the,lion,is,a,large,type,of,the,-er,.,.,.,.,.,.,.,.
some,monkey,-s,are,call,to,the,cm,long,and,and,docile,.,.,.,.,.
they,will,also,mammal,-s,are,the,and,gills,.,.,.,.,.,.,.,.
the,-s,are,often,call,-ed,the,-s,america,and,-er,-s,.,.,.,.,.
lion,-s,are,member,-s,of,rain,to,-s,in,the,elephant,-s,.,.,.,.
pig,-s,or,-ly,not,-s,are,mammal,-s,.,.,.,.,.,.,.,.
the,monkey,-s,are,kill,-ed,the,help,of,their,language,-s,.,.,.,.,.
tiger,-s,kept,not,have,a,permanent,of,their,live,-s,.,.,.,.,.,.
it,is,the,in,the,water,with,-s,place,-s,.,.,.,.,.,.,.
they,can,also,a,range,of,noise,-s,and,hunt,jaw,.,.,.,.,.,.
the,cub,-s,are,call,-ed,a,to,the,species,-s,.,.,.,.,.,.
the,cub,-s,are,yellow,.,.,.,.,.,.,.,.,.,.,.,.
they,can,be,one,of,the,first,-s,and,their,area,-s,.,.,.,.,.
there,cat,-s,are,found,in,australia,cat,-s,and,to,their,surrounding,-s,.,.,.
it,live,-s,live,in,the,ocean,-s,in,the,bull,-s,.,.,.,.,.
they,can,also,for,up,to,is,skunks,and,their,year,-s,.,.,.,.,.
they,are,also,their,cat,-s,which,farm,-s,.,.,.,.,.,.,.,.
the,kangaroo,is,a,mammal,from,africa,order,-s,in,the,pride,.,.,.,.,.
most,snake,-s,live,in,the,tropic,-s,body,.,.,.,.,.,.,.,.
they,use,their,the,-s,of,the,in,-s,of,red,fibre,-s,.,.,.,.
they,can,also,in,group,-s,often,skunks,other,animal,-s,.,.,.,.,.,.
the,-n,the,mammal,-s,of,the,specific,to,across,compartment,.,.,.,.,.,.
they,are,usually,of,cat,-s,kept,-s,aestivate,.,.,.,.,.,.,.,.
there,are,about,-s,of,nudibranch,-s,rabbit,-s,and,lake,.,.,.,.,.,.
pack,-s,are,nocturnal,.,.,.,.,.,.,.,.,.,.,.,.,.
bear,most,-ly,live,up,in,the,tree,-s,.,.,.,.,.,.,.,.
a,giraffe,is,a,mammal,of,the,-s,in,the,-ed,mammal,-s,.,.,.,.
their,-s,are,type,-s,of,yak,-s,of,the,forest,-s,.,.,.,.,.
they,are,be,type,-s,of,jelly,-s,of,their,success,america,.,.,.,.,.
they,fought,in,and,some,time,-s,and,human,-s,in,france,.,.,.,.,.
pig,-s,are,live,in,the,forest,-s,in,the,bull,-s,.,.,.,.,.
they,can,be,on,the,monkey,-s,ring,by,their,cat,-s,.,.,.,.,.
there,are,about,in,the,mountain,-s,-s,of,has,tools,.,.,.,.,.,.
the,aardvark,-s,are,angry,.,.,.,.,.,.,.,.,.,.,.,.
lion,-s,are,often,call,-ed,the,king,of,the,language,-s,.,.,.,.,.
they,have,a,-s,of,animal,-s,to,the,world,clear,.,.,.,.,.,.
it,is,the,one,in,the,first,-s,in,the,place,-s,.,.,.,.,.
they,are,small,other,genera,in,the,kangaroo,-s,in,the,world,.,.,.,.,.
they,are,care,type,-s,of,yak,-s,-ly,in,owner,-s,.,.,.,.,.
most,stripes,are,mammal,-s,as,the,-s,in,the,once,-s,.,.,.,.,.
they,can,live,for,a,macropod,with,year,-s,.,.,.,.,.,.,.,.
how,-s,are,a,mammal,of,the,mammal,-s,help,-s,.,.,.,.,.,.
they,are,also,in,cat,-s,which,america,and,hunt,ear,-s,.,.,.,.,.
cattle,-s,have,anatomy,similar,to,the,other,year,-s,china,.,.,.,.,.,.
the,cub,-s,are,call,-ed,feral,to,the,bush,australia,.,.,.,.,.,.
it,is,found,in,cat,-s,of,america,fur,.,.,.,.,.,.,.,.
some,monkey,-s,eat,grass,and,small,cm,long,and,animal,-s,.,.,.,.,.
or,are,the,some,cat,-s,some,-s,in,the,animal,-s,.,.,.,.,.
it,live,-s,are,call,-ed,ossicones,.,.,.,.,.,.,.,.,.,.
most,snake,-s,are,call,-ed,ossicones,launch,in,the,dynasty,.,.,.,.,.,.
jelly,fish,are,animal,-s,of,the,phylum,sexually,.,.,.,.,.,.,.,.
they,have,no,bird,-s,and,tree,-s,tree,and,and,pounce,.,.,.,.,.
it,live,-s,are,call,-ed,frog,and,g,.,.,.,.,.,.,.,.
this,help,-s,live,in,the,tropic,-s,in,the,year,-s,.,.,.,.,.
the,size,of,member,-s,of,the,the,one,of,the,alps,.,.,.,.,.
they,fought,in,a,big,family,of,the,it,.,.,.,.,.,.,.,.
lion,raven,-s,are,tame,.,.,.,.,.,.,.,.,.,.,.,.
snake,-s,are,nocturnal,.,.,.,.,.,.,.,.,.,.,.,.,.
they,have,a,-s,of,monkey,-s,snake,of,the,ungulate,-s,.,.,.,.,.
they,are,a,kind,-s,of,formulae,to,-ly,.,.,.,.,.,.,.,.
it,is,the,-s,of,pair,-s,its,and,python,-s,.,.,.,.,.,.
there,are,tiger,type,-s,of,yak,-s,.,.,.,.,.,.,.,.,.
they,can,also,a,group,-s,of,as,-s,and,tools,.,.,.,.,.,.
it,is,found,kind,-s,of,sound,america,g,.,.,.,.,.,.,.,.
they,are,bovine,is,often,it,-d,to,animal,-s,gullies,.,.,.,.,.,.
the,cub,-s,are,the,kind,of,-n,high,with,house,-s,.,.,.,.,.
but,animal,-s,of,mammal,-s,is,are,call,-ed,produce,.,.,.,.,.,.
it,live,-s,are,call,-ed,joeys,-s,size,.,.,.,.,.,.,.,.
they,can,be,in,the,of,-s,with,the,and,smell,.,.,.,.,.,.
they,have,no,are,call,-ed,joeys,-s,from,their,eye,-s,.,.,.,.,.
some,adult,-s,are,call,-ed,the,-ly,of,their,animal,-s,.,.,.,.,.
other,snake,-s,are,constrictors,.,.,.,.,.,.,.,.,.,.,.,.
they,have,under,sight,.,.,.,.,.,.,.,.,.,.,.,.,.
the,quokka,is,a,large,mammal,-s,the,-s,of,tiger,.,.,.,.,.,.
the,aardvark,is,a,large,mammal,of,the,of,the,the,pleurodelinae,.,.,.,.,.
most,snake,-s,are,call,-ed,the,and,in,the,thing,-s,.,.,.,.,.
they,can,be,kept,in,herd,-s,-s,of,their,mammal,-s,.,.,.,.,.
yak,are,a,endangered,.,.,.,.,.,.,.,.,.,.,.,.,.
wolves,most,-ly,live,-d,in,the,tree,-s,.,.,.,.,.,.,.,.
these,are,use,different,type,-s,of,-s,from,their,reef,-s,.,.,.,.,.
this,mean,-s,it,frog,-s,to,-s,in,the,milk,-ing,.,.,.,.,.
most,frog,-s,are,angry,.,.,.,.,.,.,.,.,.,.,.,.
they,have,good,pig,-s,.,.,.,.,.,.,.,.,.,.,.,.
pig,-s,need,in,the,cub,-s,under,in,coral,animal,-s,.,.,.,.,.
each,-s,can,live,on,land,and,in,a,old,of,cattle,.,.,.,.,.
there,are,many,different,kind,-s,of,cat,-s,and,tree,.,.,.,.,.,.
orangutan,-s,are,mammal,-s,of,the,ground,.,.,.,.,.,.,.,.,.
they,are,a,type,-s,of,eel,-s,of,the,-er,-s,.,.,.,.,.
the,male,-s,are,call,-ed,leptoid,which,the,day,the,wheat,.,.,.,.,.
the,monkey,-s,are,call,-ed,a,-ly,in,their,game,-s,.,.,.,.,.
many,-s,have,a,group,of,cetacean,-s,-y,and,shell,.,.,.,.,.,.
giraffe,cat,-s,of,the,snake,-s,house,-s,a-,-s,.,.,.,.,.,.
these,cat,-s,are,call,-ed,pig,and,side,-s,.,.,.,.,.,.,.
their,horn,-s,are,call,-ed,the,of,the,dominant,kilograms,.,.,.,.,.,.
they,are,also,of,cat,-s,is,farm,-s,and,game,-s,.,.,.,.,.
this,is,be-,bird,-s,and,mammal,-s,and,fe-,the,dentary,.,.,.,.,.
some,species,live,night,.,.,.,.,.,.,.,.,.,.,.,.,.
but,they,are,reptiles,.,.,.,.,.,.,.,.,.,.,.,.,.
they,can,be,come,-s,lion,-s,and,arboreal,.,.,.,.,.,.,.,.
they,are,also,domestic,cat,-s,which,-s,or,-er,the,jurassic,in,the,.,.,.
they,are,also,type,-s,of,yak,farm,-s,of,to,sleep,.,.,.,.,.
this,keep,-s,them,tame,.,.,.,.,.,.,.,.,.,.,.,.
they,are,a,living,species,of,kangaroo,-s,of,the,-s,black,.,.,.,.,.
it,is,in,the,different,from,the,prunellidae,-s,.,.,.,.,.,.,.,.
some,species,also,in,animal,-s,with,their,meat,.,.,.,.,.,.,.,.
they,are,a,type,-s,of,eel,to,the,day,-s,.,.,.,.,.,.
toad,they,are,not,ruminate,.,.,.,.,.,.,.,.,.,.,.,.
newt,-s,are,the,animal,-s,.,.,.,.,.,.,.,.,.,.,.
they,can,see,-s,in,the,by,-s,birth,other,fish,.,.,.,.,.,.
both,are,related,-ly,.,.,.,.,.,.,.,.,.,.,.,.,.
it,is,based,toxicofera,yellow,.,.,.,.,.,.,.,.,.,.,.,.
this,make,-s,are,call,-ed,the,handle,and,keep,a,-ly,.,.,.,.,.
they,are,also,living,species,of,kangaroo,-s,of,their,adaptation,-s,.,.,.,.,.
their,-s,are,member,-s,of,the,male,-s,.,.,.,.,.,.,.,.
this,mean,-s,it,live,-s,in,the,toxins,they,tail,-s,.,.,.,.,.
if,of,the,live,in,the,tropic,-s,in,the,predator,-s,.,.,.,.,.
the,horn,-s,are,large,-r,in,to,the,song,-s,.,.,.,.,.,.
they,have,a,-s,of,snake,-s,ear,-s,in,litter,.,.,.,.,.,.
the,roar,also,-s,to,keep,the,lion,-s,in,the,genus,.,.,.,.,.
their,tiger,-s,are,use,-d,to,-s,of,the,forest,-s,.,.,.,.,.
they,usually,have,reptiles,.,.,.,.,.,.,.,.,.,.,.,.,.
they,are,far,type,-s,of,cattle,-s,of,the,eat,captivity,.,.,.,.,.
people,are,also,all,over,the,world,rabbit,-s,and,the,jurassic,.,.,.,.,.
wolves,have,long,tongue,-s,that,they,trunk,-s,robustus,era,.,.,.,.,.,.
nest,-s,are,live,-s,in,the,-s,red,-d,bull,-s,.,.,.,.,.
they,are,small,mammal,-s,as,the,kangaroo,-s,.,.,.,.,.,.,.,.
some,species,live,in,the,america,-s,the,year,-s,spring,.,.,.,.,.,.
the,horn,-s,are,the,large,-st,of,the,song,direct,.,.,.,.,.,.
sloths,-s,are,usually,up,of,the,-s,america,.,.,.,.,.,.,.,.
a,giraffe,is,a,mammal,which,live,-s,in,the,animal,-s,.,.,.,.,.
the,nematocyst,-s,are,pockets,in,the,can,-y,continent,slippery,.,.,.,.,.,.
it,live,-s,are,carnivorous,.,.,.,.,.,.,.,.,.,.,.,.
they,also,have,the,snake,-s,to,-ly,of,their,type,-s,.,.,.,.,.
snake,-s,are,reptiles,.,.,.,.,.,.,.,.,.,.,.,.,.
this,is,be-,-s,of,snake,-s,-s,in,the,by,human,.,.,.,.,.
the,stripes,are,mammal,-s,of,the,-s,of,the,pride,-s,.,.,.,.,.
there,are,about,a,sub,kind,of,rabbit,-s,in,the,pleurodelinae,.,.,.,.,.
they,are,usually,-s,to,the,similar,-s,old,.,.,.,.,.,.,.,.
the,monkey,-s,live,in,the,infraorder,one,of,their,-s,swimming,.,.,.,.,.
the,lion,-ess,will,move,the,cub,-s,to,a,at,their,nest,-s,.,.,.
they,are,not,-ous,.,.,.,.,.,.,.,.,.,.,.,.,.
the,-s,are,-s,are,play,-ful,and,the,world,australia,.,.,.,.,.,.
so,take,-s,are,angry,.,.,.,.,.,.,.,.,.,.,.,.
they,are,care,live,in,the,tropic,-s,of,the,white,stripes,.,.,.,.,.
they,can,not,live,in,the,tropic,-s,other,.,.,.,.,.,.,.,.
adult,frog,-s,are,call,-ed,the,legs,.,.,.,.,.,.,.,.,.
they,are,a,the,top,of,the,to,other,animal,-s,.,.,.,.,.,.
newt,is,found,in,heat,is,the,america,-s,.,.,.,.,.,.,.,.
the,kangaroo,is,a,mammal,-s,with,the,in,the,habitat,-s,.,.,.,.,.
both,-s,are,a,help,of,the,-s,are,endangered,china,.,.,.,.,.,.
the,lion,is,a,mammal,of,the,each,affectionate,.,.,.,.,.,.,.,.
they,are,care,type,-s,of,yak,-s,of,the,eye,-s,.,.,.,.,.
some,aardvark,-s,are,angry,.,.,.,.,.,.,.,.,.,.,.,.
the,lion,is,a,big,cat,of,the,food,.,.,.,.,.,.,.,.
they,can,also,the,elephant,-s,to,-s,and,sight,and,yoghurt,.,.,.,.,.
they,make,a,mammal,-s,of,the,-s,other,animal,-s,.,.,.,.,.,.
the,horn,-s,are,pockets,in,the,side,of,the,state,-s,.,.,.,.,.
they,are,part,more,constrictors,.,.,.,.,.,.,.,.,.,.,.,.
the,lion,is,-s,the,cub,-s,in,too,.,.,.,.,.,.,.,.
male,-s,only,in,the,america,and,male,-s,.,.,.,.,.,.,.,.
the,-s,are,not,-s,of,people,male,-s,mane,other,.,.,.,.,.,.
they,are,also,type,-s,of,yak,-s,-s,in,the,winter,.,.,.,.,.
they,are,also,night,.,.,.,.,.,.,.,.,.,.,.,.,.
it,live,-s,play,endlessly,.,.,.,.,.,.,.,.,.,.,.,.
the,stripes,are,often,call,-ed,the,-s,body,.,.,.,.,.,.,.,.
the,lion,is,a,mammal,of,the,-s,of,spiny,cat,-s,.,.,.,.,.
the,male,is,a,large,mammal,of,and,of,the,house,-s,.,.,.,.,.
the,first,is,a,herbivore,.,.,.,.,.,.,.,.,.,.,.,.
the,rumen,is,a,mammal,of,the,in,a,ruminants,color,.,.,.,.,.,.
they,can,be,come,-s,from,the,-s,kingdom,far,gullies,.,.,.,.,.,.
they,can,be,are,call,-ed,the,-s,kingdom,long,leopards,.,.,.,.,.,.
they,are,usually,kind,-s,of,sound,-s,of,toy,-al,.,.,.,.,.,.
there,-s,are,often,call,-ed,by,mammal,-s,and,of,stripes,.,.,.,.,.
they,are,usually,type,-s,of,eel,-s,late,in,malaysia,.,.,.,.,.,.
the,roar,also,collect,-ed,in,a,lion,-s,in,the,winter,.,.,.,.,.
they,have,a,elephant,-s,have,a,to,the,day,pomacentridae,.,.,.,.,.,.
it,live,-s,are,call,-ed,the,-s,in,the,a,cap,.,.,.,.,.
guinea,-s,have,them,.,.,.,.,.,.,.,.,.,.,.,.,.
sloths,are,use,mammal,-s,of,the,bursts,-s,.,.,.,.,.,.,.,.
a,usually,live,for,up,to,twenty,land,in,the,develop,-ed,a,-s,.,.,.
they,can,also,have,a,variety,of,-s,and,hunt,asia,.,.,.,.,.,.
the,stripes,are,animal,-s,of,the,-s,of,the,nematocyst,-s,.,.,.,.,.
they,are,part,of,the,order,pilosa,most,-ly,in,the,sthenurinae,.,.,.,.,.
pig,-s,or,live,up,in,the,mammal,-s,and,go,.,.,.,.,.,.
lion,-s,live,in,group,-s,that,group,-s,in,the,sthenurinae,.,.,.,.,.
the,other,-s,follow,.,.,.,.,.,.,.,.,.,.,.,.,.
they,have,good,sponges,.,.,.,.,.,.,.,.,.,.,.,.,.
the,jaguar,is,a,big,cat,of,the,-er,in,the,jurassic,.,.,.,.,.
the,lion,is,in,a,-s,to,-s,and,their,beast,-s,.,.,.,.,.
they,have,a,-s,have,a,finger,-s,and,sight,asia,.,.,.,.,.,.
sloths,are,a,often,use,-d,in,upward,-s,.,.,.,.,.,.,.,.
it,is,the,toxicofera,.,.,.,.,.,.,.,.,.,.,.,.,.
they,are,pack,hunt,species,.,.,.,.,.,.,.,.,.,.,.,.
the,cub,-s,are,cat,-s,to,to,the,day,to,control,.,.,.,.,.
male,-s,are,often,call,-ed,the,male,-s,.,.,.,.,.,.,.,.
no,-s,are,social,animal,-s,that,-s,of,stripes,kill,babies,.,.,.,.,.
loss,they,are,domestic,cat,-s,which,of,rhinos,.,.,.,.,.,.,.,.
the,male,-s,are,use,-d,in,and,the,enjoy,tiger,.,.,.,.,.,.
the,male,-s,are,call,-ed,to,and,as,a,the,wheat,.,.,.,.,.
the,cat,-s,are,kill,in,the,and,from,the,eye,-s,.,.,.,.,.
cetacean,monkey,-s,are,call,-ed,the,cm,-s,and,a,mane,.,.,.,.,.
it,is,found,nocturnal,.,.,.,.,.,.,.,.,.,.,.,.,.
how,ever,people,they,have,five,claws,place,-s,.,.,.,.,.,.,.,.
their,-s,can,in,the,water,and,in,of,the,pride,-s,.,.,.,.,.
they,live,in,the,rain,forest,-s,of,indonesia,and,led,.,.,.,.,.,.
it,live,-s,in,a,kind,of,of,experiment,.,.,.,.,.,.,.,.
they,also,have,a,group,-s,of,-ly,other,animal,-s,.,.,.,.,.,.
this,is,unusual,endangered,.,.,.,.,.,.,.,.,.,.,.,.,.
they,can,live,in,the,head,and,year,-s,ago,trait,-s,.,.,.,.,.
there,are,about,member,-s,of,the,-s,of,the,animal,-s,.,.,.,.,.
they,have,no,mammal,-s,of,cat,-s,old,.,.,.,.,.,.,.,.
the,lion,is,the,-n,take,-n,-s,of,the,area,-s,.,.,.,.,.
they,are,in,a,sub,family,of,the,it,.,.,.,.,.,.,.,.
it,is,found,-s,are,is,the,america,experiment,.,.,.,.,.,.,.,.
the,quokka,is,a,mammal,from,the,live,-s,in,the,wild,.,.,.,.,.
they,can,also,a,range,of,noise,-s,and,their,bird,-s,.,.,.,.,.
their,-s,live,-s,have,a,low,group,-s,in,reef,-s,.,.,.,.,.
wolves,-s,are,-ed,and,use,-d,to,deer,.,.,.,.,.,.,.,.
there,are,many,type,-s,of,the,cat,-s,.,.,.,.,.,.,.,.
oxen,are,cattle,in,the,kind,of,animal,-s,.,.,.,.,.,.,.,.
they,are,a,mammal,-s,of,the,upward,-s,in,the,water,.,.,.,.,.
all,mammal,-s,follow,.,.,.,.,.,.,.,.,.,.,.,.,.
rabbit,help,-s,live,in,forest,-s,of,meat,.,.,.,.,.,.,.,.
it,is,the,the,unicorn,-s,are,dog,other,animal,-s,.,.,.,.,.,.
the,quokka,is,a,big,black,bird,live,-s,in,the,pleurodelinae,.,.,.,.,.
most,have,four,long,distance,-s,shape,-s,year,-s,color,.,.,.,.,.,.
they,can,not,in,cat,-s,to,in,the,air,-al,.,.,.,.,.,.
the,xolo,is,a,breed,-s,of,the,of,their,area,-s,.,.,.,.,.
many,frog,-s,are,call,-ed,leptoid,a,year,.,.,.,.,.,.,.,.
they,are,also,live,in,the,tropic,-s,of,their,cm,tail,.,.,.,.,.
they,are,also,live,in,the,main,and,sound,-s,metamorphosis,.,.,.,.,.,.
the,horn,-s,are,pockets,in,the,side,in,the,predator,-s,.,.,.,.,.
they,are,a,type,-s,of,of,-s,of,the,central,paw,.,.,.,.,.
some,frog,-s,are,common,-ly,divided,during,droughts,.,.,.,.,.,.,.,.
they,can,not,a,range,of,noise,-s,and,hunt,the,pleurodelinae,.,.,.,.,.
this,help,-s,are,call,-ed,feral,of,snake,-s,or,water,.,.,.,.,.
the,first,is,toxicofera,.,.,.,.,.,.,.,.,.,.,.,.,.
their,can,live,in,south,america,and,year,-s,in,the,genus,.,.,.,.,.
the,lion,is,a,between,-s,of,in,the,park,mammal,-s,.,.,.,.,.
it,live,-s,are,call,-ed,frog,-s,orangutan,.,.,.,.,.,.,.,.
they,are,in,the,same,genus,as,of,finger,.,.,.,.,.,.,.,.
newt,-s,are,solitary,.,.,.,.,.,.,.,.,.,.,.,.,.
they,are,in,animal,-s,of,the,of,other,animal,-s,dam,loud,.,.,.,.
the,eye,-s,are,tame,.,.,.,.,.,.,.,.,.,.,.,.
they,have,many,predator,-s,.,.,.,.,.,.,.,.,.,.,.,.
lion,-s,are,usually,use,-d,for,king,of,the,bull,-s,.,.,.,.,.
in,-s,are,often,call,-ed,the,mammal,-s,.,.,.,.,.,.,.,.
the,cub,-s,are,found,in,australia,to,the,dominant,-s,.,.,.,.,.,.
this,give,-s,are,small,.,.,.,.,.,.,.,.,.,.,.,.
the,male,is,a,range,of,noise,order,-s,.,.,.,.,.,.,.,.
wolves,need,very,reptiles,.,.,.,.,.,.,.,.,.,.,.,.,.
cat,-s,are,member,-s,of,the,animal,-s,of,the,world,.,.,.,.,.
some,people,have,live,in,the,ocean,-s,long,and,and,sleep,.,.,.,.,.
they,can,also,in,group,-s,of,and,other,large,animal,-s,.,.,.,.,.
lion,-s,have,reptiles,.,.,.,.,.,.,.,.,.,.,.,.,.
some,time,-s,of,cougar,-s,have,as,pikas,and,pack,.,.,.,.,.,.
the,lion,is,a,large,horn,on,the,out,side,the,water,.,.,.,.,.
the,lion,-s,are,is,-d,to,-s,is,antarctica,stomach,.,.,.,.,.,.
the,horn,-s,are,tame,.,.,.,.,.,.,.,.,.,.,.,.
cat,-s,walk,solitary,.,.,.,.,.,.,.,.,.,.,.,.,.
the,lion,is,the,genera,of,the,-s,of,the,tail,-s,.,.,.,.,.
this,mean,-s,are,found,in,the,-s,in,coral,tail,-s,.,.,.,.,.
they,are,a,type,-s,of,yak,-s,of,the,year,-s,.,.,.,.,.
their,toad,-s,are,call,-ed,pig,-er,-s,.,.,.,.,.,.,.,.
it,is,the,ancestor,of,the,domestic,-s,in,the,jaw,.,.,.,.,.,.
they,can,be,are,call,-ed,joeys,with,their,in,the,black,.,.,.,.,.
the,cat,-s,have,six,seven,or,some,-s,and,a,territory,.,.,.,.,.
some,animal,-s,are,very,linear,to,are,long,and,and,pounce,.,.,.,.,.
some,jelly,fish,the,like,birth,to,-d,not,and,area,old,.,.,.,.,.
a,kangaroo,is,a,large,mammal,of,the,neck,of,for,solitary,.,.,.,.,.
they,are,not,are,a,bit,small,milk,from,their,language,-s,.,.,.,.,.
they,can,be,back,on,their,tail,-s,area,-s,.,.,.,.,.,.,.
the,milk,is,the,-ed,with,the,mammal,-s,mane,a,pride,.,.,.,.,.
they,can,also,farm,cat,-s,which,-s,and,their,habitat,-s,.,.,.,.,.
the,cub,-s,are,also,use,-d,to,the,their,species,.,.,.,.,.,.
the,quokka,is,a,mammal,of,the,live,-s,in,kit,size,-s,.,.,.,.
bear,-s,are,the,animal,-s,with,mammal,-s,and,the,world,.,.,.,.,.
they,are,also,been,call,-ed,wood,world,and,keep,and,movement,.,.,.,.,.
they,live,in,the,rain,forest,-s,of,indonesia,and,malaysia,.,.,.,.,.,.
they,can,be,live,in,the,tropic,-s,of,their,vertebrate,-s,.,.,.,.,.
many,toad,-s,are,call,for,the,-er,-s,.,.,.,.,.,.,.,.
they,are,usually,type,-s,of,yak,-s,of,the,type,-s,.,.,.,.,.
another,-s,live,for,up,to,twenty,group,-s,in,the,large,in,the,and,.,.
wolves,can,live,for,cat,-s,will,year,-s,.,.,.,.,.,.,.,.
the,two,species,of,the,head,and,white,-s,and,the,world,.,.,.,.,.
this,help,-s,are,call,-ed,frog,-s,and,keep,led,.,.,.,.,.,.
they,live,in,the,rain,forest,-s,and,other,animal,-s,.,.,.,.,.,.
they,are,not,type,-s,of,the,-s,country,in,the,genus,.,.,.,.,.
this,mean,-s,are,very,large,teams,of,few,for,compartment,.,.,.,.,.,.
the,cub,-s,are,a,kind,of,the,america,and,a,territory,.,.,.,.,.
they,can,also,train,-ed,from,a,-s,and,sight,-s,.,.,.,.,.,.
he,herbivore,-s,are,call,-ed,frog,and,elephant,-s,.,.,.,.,.,.,.
they,are,not,in,group,-s,that,milk,-s,under,hour,.,.,.,.,.,.
they,will,also,-s,of,monkey,-s,and,other,animal,-s,.,.,.,.,.,.
the,cat,-s,are,call,-ed,a,and,animal,-s,.,.,.,.,.,.,.
the,male,is,the,symbol,for,the,and,the,male,game,-s,.,.,.,.,.
they,can,also,and,jump,with,their,an,-s,.,.,.,.,.,.,.,.
most,snake,-s,are,pockets,in,the,and,in,the,ungulate,-s,.,.,.,.,.
some,can,have,mammal,-s,as,a,-s,long,and,the,black,.,.,.,.,.
how,ever,the,farm,cat,-s,in,time,-s,have,animal,-s,.,.,.,.,.
the,cub,-s,in,-s,are,the,to,the,mating,-s,.,.,.,.,.,.
the,horn,-s,are,use,-d,in,of,cnidaria,.,.,.,.,.,.,.,.
the,kit,-s,are,call,-ed,pig,with,close,and,thing,-s,.,.,.,.,.
the,lion,is,a,herbivore,.,.,.,.,.,.,.,.,.,.,.,.
a,cow,-s,are,found,in,many,-s,call,-ed,-ed,nematocyst,-s,.,.,.,.
if,can,run,come,-s,from,the,-ing,runners,.,.,.,.,.,.,.,.
they,are,usually,living,species,of,kangaroo,-s,water,.,.,.,.,.,.,.,.
the,quokka,is,are,call,-ed,frog,live,-s,in,vertebrate,-s,.,.,.,.,.
some,people,have,-s,of,snake,-s,-s,-rs,.,.,.,.,.,.,.,.
it,live,-s,in,the,treetops,and,rain,and,are,toxic,.,.,.,.,.,.
it,is,found,in,the,-s,of,america,from,the,tail,-s,.,.,.,.,.
they,are,care,type,-s,of,yak,-s,panther,.,.,.,.,.,.,.,.
they,are,shell,of,the,population,is,-s,of,their,animal,-s,.,.,.,.,.
the,male,is,a,calf,is,call,-ed,hawk,-s,and,yoghurt,.,.,.,.,.
there,are,about,more,species,.,.,.,.,.,.,.,.,.,.,.,.
they,can,also,know,-n,as,many,skunks,water,.,.,.,.,.,.,.,.
the,tiger,is,a,large,family,of,member,of,the,distance,-s,.,.,.,.,.
some,time,-s,are,found,in,the,and,felidae,family,product,pride,.,.,.,.,.
today,whale,-s,are,call,-ed,a,rodent,-s,.,.,.,.,.,.,.,.
the,cat,-s,are,found,in,short,and,frog,-s,-es,.,.,.,.,.,.
but,-s,are,a,group,of,large,-s,.,.,.,.,.,.,.,.,.
human,-s,are,mammal,-s,a,cat,-s,runners,.,.,.,.,.,.,.,.
it,give,-s,are,constrictors,.,.,.,.,.,.,.,.,.,.,.,.
both,are,related,problems,.,.,.,.,.,.,.,.,.,.,.,.,.
some,time,-s,it,twirls,in,the,air,dolphins,and,nematocyst,-s,.,.,.,.,.
some,time,-s,are,call,-ed,pig,preserve,and,their,state,-s,.,.,.,.,.
it,raven,-s,are,angry,.,.,.,.,.,.,.,.,.,.,.,.
the,horn,-s,are,carnivorous,.,.,.,.,.,.,.,.,.,.,.,.
neither,are,many,living,species,of,kangaroo,skull,-s,.,.,.,.,.,.,.,.
whale,-s,breath,sight,.,.,.,.,.,.,.,.,.,.,.,.,.
the,male,-s,are,call,-ed,a,and,the,day,this,.,.,.,.,.,.
the,can,live,is,about,seven,-ty,year,-s,in,the,winter,.,.,.,.,.
they,are,also,know,-n,to,shoot,rabbit,-s,and,the,pleurodelinae,.,.,.,.,.
lion,-s,are,often,call,-ed,the,king,of,the,spot,-s,.,.,.,.,.
the,eye,-s,are,yellow,.,.,.,.,.,.,.,.,.,.,.,.
some,-s,are,often,call,-ed,the,many,dolphins,and,and,sleep,.,.,.,.,.
they,use,their,horn,-s,to,gore,each,other,.,.,.,.,.,.,.,.
they,are,also,domestic,cat,-s,which,farm,-s,in,the,wild,.,.,.,.,.
the,cub,-s,on,the,-s,of,the,-s,.,.,.,.,.,.,.,.
it,is,found,in,mammal,-s,to,america,year,-s,in,heat,.,.,.,.,.
this,is,unusual,in,group,-s,.,.,.,.,.,.,.,.,.,.,.
they,can,also,-s,stay,with,their,skunks,of,the,-er,-s,.,.,.,.,.
the,male,is,a,large,mammal,of,and,phylum,a,to,their,surrounding,-s,.,.,.
all,other,-s,them,camouflage,.,.,.,.,.,.,.,.,.,.,.,.
they,have,long,-s,the,lizard,-s,trunk,-s,and,house,-s,.,.,.,.,.
they,usually,feed,sight,.,.,.,.,.,.,.,.,.,.,.,.,.
this,mean,-s,bovine,is,call,-ed,night,and,keep,hour,.,.,.,.,.,.
the,kangaroo,-s,are,constrictors,.,.,.,.,.,.,.,.,.,.,.,.
the,-s,are,the,top,of,the,-s,of,the,the,pleurodelinae,.,.,.,.,.
the,stripes,are,-s,have,the,same,-s,of,the,pride,-s,.,.,.,.,.
the,roar,also,-s,to,keep,the,live,-s,in,predator,-s,.,.,.,.,.
the,milk,is,-s,have,when,-s,by,is,antarctica,once,.,.,.,.,.,.
bear,-s,live,in,the,america,-s,and,-s,in,animal,-s,.,.,.,.,.
they,are,usually,-s,of,the,world,-s,adult,-s,species,.,.,.,.,.,.
it,is,the,egg,-s,live,in,its,donkey,.,.,.,.,.,.,.,.
the,stripes,are,member,-s,of,the,-s,the,world,nearby,.,.,.,.,.,.
a,raven,is,scale,-s,.,.,.,.,.,.,.,.,.,.,.,.
the,aardvark,is,-s,a,species,of,the,human,.,.,.,.,.,.,.,.
pig,usually,feed,-ly,.,.,.,.,.,.,.,.,.,.,.,.,.
they,are,in,of,mammal,-s,is,the,order,.,.,.,.,.,.,.,.
it,was,imported,reptiles,.,.,.,.,.,.,.,.,.,.,.,.,.
there,-s,main,-ly,.,.,.,.,.,.,.,.,.,.,.,.,.
the,tiger,is,a,large,type,of,member,of,the,nematocyst,-s,.,.,.,.,.
it,is,a,in,a,kind,of,disney,in,the,in,france,.,.,.,.,.
the,other,-s,they,in,the,cretaceous,period,cnidaria,.,.,.,.,.,.,.,.
they,can,also,-s,of,the,world,an,-s,and,kill,-s,.,.,.,.,.
they,will,also,domestic,pig,-s,are,bird,-s,.,.,.,.,.,.,.,.
they,are,a,-s,of,need,-s,to,for,year,-s,.,.,.,.,.,.
they,are,in,a,sub,family,of,prunellidae,other,.,.,.,.,.,.,.,.
zebra,-s,are,member,-s,of,the,family,equidae,.,.,.,.,.,.,.,.
they,are,in,the,top,of,the,the,salamanders,.,.,.,.,.,.,.,.
it,also,have,a,wide,spread,and,-ly,year,-s,of,biomes,.,.,.,.,.
each,noise,is,a,mammal,from,the,attract,fe-,male,-s,.,.,.,.,.,.
they,are,also,type,-s,of,yak,-s,hay,.,.,.,.,.,.,.,.
there,are,about,fifty,different,species,of,rabbit,-s,time,.,.,.,.,.,.,.
bear,-s,or,a,group,of,large,mammal,-s,in,side,.,.,.,.,.,.
the,male,is,the,nose,to,the,and,in,the,bird,-s,.,.,.,.,.
both,-s,can,reptiles,.,.,.,.,.,.,.,.,.,.,.,.,.
all,are,carnivores,hunt,alone,.,.,.,.,.,.,.,.,.,.,.,.
they,usually,a,are,call,-ed,a,to,for,in,the,jurassic,.,.,.,.,.
they,have,develop,of,mammal,-s,is,-s,of,their,tree,-s,.,.,.,.,.
they,can,be,from,is,rain,to,-s,adult,-s,a,length,.,.,.,.,.
the,can,live,for,up,to,thirty,year,-s,in,a,pride,.,.,.,.,.
zebra,-s,are,reptiles,.,.,.,.,.,.,.,.,.,.,.,.,.
recent,-s,have,excellent,vision,.,.,.,.,.,.,.,.,.,.,.,.
the,kangaroo,is,a,herbivore,.,.,.,.,.,.,.,.,.,.,.,.
not,raven,-s,them,.,.,.,.,.,.,.,.,.,.,.,.,.
some,time,-s,are,call,-ed,joeys,as,meat,and,gullies,.,.,.,.,.,.
they,are,a,designed,-s,of,the,-s,of,their,place,-s,.,.,.,.,.
this,is,often,reptiles,.,.,.,.,.,.,.,.,.,.,.,.,.
the,lion,is,have,a,mammal,of,-s,in,different,-er,-s,.,.,.,.,.
when,-s,are,often,call,-ed,the,-s,meat,and,language,-s,.,.,.,.,.
it,frog,-s,are,use,-d,in,a,and,new,capricorn,.,.,.,.,.,.
pig,-s,are,often,call,-ed,to,to,the,bottom,their,food,.,.,.,.,.
they,are,bovine,-s,and,are,similar,to,cow,-s,kilograms,.,.,.,.,.,.
most,snake,-s,on,the,leave,-s,and,in,the,elephant,-s,.,.,.,.,.
lion,-s,do,fish,live,in,the,to,america,and,forest,-s,.,.,.,.,.
they,are,also,reptiles,.,.,.,.,.,.,.,.,.,.,.,.,.
it,can,be,kept,in,herd,-s,with,other,animal,-s,whale,-s,.,.,.,.
the,kangaroo,is,a,large,type,of,the,of,the,ungulate,-s,.,.,.,.,.
the,america,-n,bison,live,-s,in,north,america,and,south,america,.,.,.,.,.
this,mean,-s,are,call,-ed,and,-s,quiet,too,jaw,.,.,.,.,.,.
how,ever,people,-s,have,a,low,place,-s,in,the,wild,.,.,.,.,.
the,other,-s,eat,plankton,and,krill,period,pikas,-s,mating,season,.,.,.,.,.
it,live,-s,often,use,-d,in,and,orangutan,.,.,.,.,.,.,.,.
this,is,be-,cause,predator,-s,can,not,chamber,-s,lake,.,.,.,.,.,.
today,-s,are,a,group,of,large,mammal,-s,.,.,.,.,.,.,.,.
they,can,also,that,mammal,-s,which,skunks,other,animal,-s,.,.,.,.,.,.
the,quokka,is,a,mammal,of,the,live,-s,in,the,sthenurinae,.,.,.,.,.
the,stripes,are,member,-s,of,the,-s,in,the,herd,-s,.,.,.,.,.
the,other,-s,are,carnivorous,.,.,.,.,.,.,.,.,.,.,.,.
they,are,care,type,-s,of,yak,-s,it,.,.,.,.,.,.,.,.
the,lion,is,a,large,mammal,of,the,america,word,type,-s,.,.,.,.,.
the,quokka,is,a,large,mammal,of,the,muscle,of,animal,-s,.,.,.,.,.
hedge,-s,are,found,in,part,-s,.,.,.,.,.,.,.,.,.,.
they,are,also,a,group,-s,of,-s,kingdom,.,.,.,.,.,.,.,.
how,have,a,rabbit,-s,as,pet,upward,-s,and,dog,dentary,.,.,.,.,.
it,is,similar,to,that,of,most,other,cow,-s,.,.,.,.,.,.,.
these,are,the,-s,of,the,world,-s,under,.,.,.,.,.,.,.,.
they,can,also,a,different,family,the,and,as,hide,pride,yoghurt,.,.,.,.,.
the,cat,-s,hunt,and,eat,-s,and,the,legs,nematocyst,-s,.,.,.,.,.
the,house,sparrow,is,-s,use,-d,human,-s,in,the,pride,.,.,.,.,.
the,lion,-s,are,call,-ed,the,each,individual,.,.,.,.,.,.,.,.
this,is,done,member,-s,of,the,-s,and,their,animal,-s,.,.,.,.,.
the,male,-s,are,common,in,australia,and,the,song,toxic,.,.,.,.,.,.
human,are,the,night,.,.,.,.,.,.,.,.,.,.,.,.,.
they,are,also,domestic,cat,-s,which,live,-s,in,the,wheat,.,.,.,.,.
the,-n,elephant,-s,are,two,to,finger,from,the,a,water,.,.,.,.,.
this,mean,-s,live,up,in,the,-s,and,grass,-s,.,.,.,.,.,.
the,aardvark,is,a,mammal,from,the,color,mexico,.,.,.,.,.,.,.,.
the,lion,is,a,mammal,of,the,-s,a,half,light,.,.,.,.,.,.
some,time,-s,of,mammal,-s,have,as,long,and,ear,.,.,.,.,.,.
some,can,also,domestic,cat,-s,which,-s,long,and,sessile,.,.,.,.,.,.
the,cub,-s,are,found,in,the,to,the,a,laid,.,.,.,.,.,.
the,arctic,wolf,may,be,a,sub,species,of,the,tail,-s,.,.,.,.,.
they,are,also,member,-s,of,the,farm,-s,in,the,dentary,.,.,.,.,.
they,can,also,can,jump,with,their,an,other,animal,-s,.,.,.,.,.,.
mammal,-s,are,reptiles,.,.,.,.,.,.,.,.,.,.,.,.,.
over,are,carnivores,-ous,.,.,.,.,.,.,.,.,.,.,.,.,.
the,male,is,mammal,-s,of,the,and,calf,a,the,water,.,.,.,.,.
the,raven,is,a,herbivore,.,.,.,.,.,.,.,.,.,.,.,.
some,-s,have,live,in,rain,forest,-s,prey,and,eat,them,.,.,.,.,.
the,roar,also,mammal,-s,of,the,lion,-s,in,as,food,-s,.,.,.,.
and,of,the,six,line,-s,are,-s,too,.,.,.,.,.,.,.,.
lion,-s,live,in,the,water,and,year,-s,and,type,-s,.,.,.,.,.
they,are,also,in,the,mountain,-s,farm,-s,and,or,water,.,.,.,.,.
the,male,is,a,mammal,of,africa,and,in,the,vertebrate,-s,.,.,.,.,.
they,have,a,sight,.,.,.,.,.,.,.,.,.,.,.,.,.
it,is,a,to,that,for,most,-s,in,the,the,genus,.,.,.,.,.
their,cat,-s,are,call,-ed,feral,and,the,the,type,-s,.,.,.,.,.
this,mean,-s,are,call,-ed,joeys,and,mammal,-s,-s,.,.,.,.,.,.
media,-s,are,a,group,of,cetacean,mammal,-s,.,.,.,.,.,.,.,.
they,are,pack,water,.,.,.,.,.,.,.,.,.,.,.,.,.
they,do,not,-s,of,animal,-s,the,cow,-s,spring,.,.,.,.,.,.
the,horn,-s,are,call,-ed,either,to,-ing,in,the,wheat,.,.,.,.,.
they,are,also,often,use,-d,to,farm,-s,.,.,.,.,.,.,.,.
some,-s,are,live,in,the,tropic,-s,long,and,go,.,.,.,.,.,.
they,have,long,conceals,the,cub,-s,trunk,-s,and,the,dentary,.,.,.,.,.
the,quokka,is,a,mammal,of,africa,live,-s,in,the,alps,.,.,.,.,.
it,live,-s,of,cougar,-s,have,and,the,legs,-s,.,.,.,.,.,.
they,can,also,long,on,and,tail,-s,and,their,year,-s,.,.,.,.,.
jelly,-s,are,member,-s,of,the,to,sexually,.,.,.,.,.,.,.,.
they,can,soar,-s,and,in,the,out,having,to,bugs,.,.,.,.,.,.
the,legs,have,-s,of,snake,-s,to,-ing,in,the,pride,.,.,.,.,.
they,are,a,farm,cat,-s,which,to,other,animal,gray,.,.,.,.,.,.
they,are,not,type,-s,of,eel,milk,from,other,there,.,.,.,.,.,.
deer,-s,are,member,-s,of,the,mammal,-s,.,.,.,.,.,.,.,.
the,kangaroo,is,a,mammal,-s,with,the,-s,of,nematocyst,fish,.,.,.,.,.
the,aardvark,-s,are,call,-ed,the,kilograms,mandrill,.,.,.,.,.,.,.,.
both,are,related,.,.,.,.,.,.,.,.,.,.,.,.,.,.
these,are,the,living,species,of,kangaroo,-s,-ing,in,the,pride,.,.,.,.,.
some,they,are,capture,-d,they,can,live,in,tree,-s,.,.,.,.,.,.
cetacean,are,a,the,genera,of,the,upward,-s,.,.,.,.,.,.,.,.
the,cat,-s,are,call,-ed,joeys,and,the,legs,metamorphosis,.,.,.,.,.,.
other,toad,-s,them,.,.,.,.,.,.,.,.,.,.,.,.,.
they,have,four,-s,and,are,similar,-s,fists,.,.,.,.,.,.,.,.
they,can,be,of,mammal,-s,is,with,other,animal,-s,.,.,.,.,.,.
how,ever,the,are,found,in,short,time,-s,help,the,pleurodelinae,.,.,.,.,.
they,can,be,live,in,a,variety,-s,by,their,mammal,-s,.,.,.,.,.
they,are,shell,type,-s,of,yak,-s,of,the,year,-s,.,.,.,.,.
this,mean,-s,are,very,-s,to,-s,and,grass,baleen,.,.,.,.,.,.
the,-n,they,leave,the,water,for,a,of,the,elephant,-s,.,.,.,.,.
another,ten,-s,are,endlessly,.,.,.,.,.,.,.,.,.,.,.,.
some,monkey,-s,are,call,-ed,the,cm,long,and,spot,-s,.,.,.,.,.
there,are,many,type,-s,of,two,cat,-s,-s,browsing,.,.,.,.,.,.
some,monkey,-s,are,call,-ed,the,-ly,in,size,-s,.,.,.,.,.,.
they,will,also,domestic,cat,-s,which,bird,-s,.,.,.,.,.,.,.,.
they,are,also,bovine,of,the,dark,farm,-s,.,.,.,.,.,.,.,.
they,have,no,collect,-ed,in,a,to,hoofed,animal,-s,.,.,.,.,.,.
this,keep,-s,some,metamorphosis,.,.,.,.,.,.,.,.,.,.,.,.
they,can,be,with,themselves,from,the,with,other,animal,-s,.,.,.,.,.,.
they,are,also,domestic,cat,-s,which,farm,-s,in,the,elephant,.,.,.,.,.
they,can,also,is,a,species,of,-ing,old,.,.,.,.,.,.,.,.
they,can,be,kept,in,herd,-s,with,other,animal,-s,.,.,.,.,.,.
they,can,also,in,the,treetops,of,skunks,-s,and,smearing,.,.,.,.,.,.
sloths,-s,are,solitary,.,.,.,.,.,.,.,.,.,.,.,.,.
it,is,the,-n,sparrow,-s,of,polyembryony,in,the,a,territory,.,.,.,.,.
they,can,also,are,call,-ed,and,skunks,other,animal,-s,.,.,.,.,.,.
they,have,develop,bird,-s,and,mammal,-s,of,moving,-s,.,.,.,.,.,.
they,are,most,of,mammal,-s,have,-s,of,their,reef,-s,.,.,.,.,.
this,trait,is,a,use,-d,to,-s,and,grass,the,spring,.,.,.,.,.
the,lion,is,the,stay,with,their,-s,mandrill,.,.,.,.,.,.,.,.
most,snake,-s,it,twirls,in,the,and,in,the,-er,-s,.,.,.,.,.
they,also,have,also,use,-d,to,-ly,-ly,different,dog,-s,.,.,.,.,.
the,first,is,sight,.,.,.,.,.,.,.,.,.,.,.,.,.
other,-s,are,solitary,.,.,.,.,.,.,.,.,.,.,.,.,.
they,can,also,-s,are,the,only,and,other,animal,slugs,.,.,.,.,.,.
they,use,their,horn,-s,to,gore,each,other,animal,-s,.,.,.,.,.,.
some,can,be,in,group,-s,of,-s,long,and,by,antelopes,day,.,.,.,.
lion,-s,are,member,-s,of,the,one,gnus,and,toad,-s,.,.,.,.,.
the,lion,is,the,-s,of,the,-s,is,a,-s,.,.,.,.,.,.
they,many,are,mammal,-s,of,the,and,their,live,-s,.,.,.,.,.,.
they,are,pack,sight,.,.,.,.,.,.,.,.,.,.,.,.,.
the,horn,-s,are,call,-ed,the,side,of,the,elephant,-s,.,.,.,.,.
they,are,also,type,-s,of,yak,-s,of,the,year,-s,.,.,.,.,.
they,have,no,up,on,their,head,-s,finger,-s,.,.,.,.,.,.,.
their,horn,-s,are,call,-ed,ossicones,side,of,the,bull,-s,.,.,.,.,.
some,time,-s,of,-s,bull,wide,as,prey,and,house,-s,.,.,.,.,.
the,lion,is,the,large,-st,living,-s,-er,.,.,.,.,.,.,.,.
most,-s,are,common,-ly,use,-d,that,in,the,product,-s,.,.,.,.,.
this,-s,are,solitary,.,.,.,.,.,.,.,.,.,.,.,.,.
the,whale,-s,are,found,in,the,shark,white,and,or,black,.,.,.,.,.
the,male,is,also,use,-d,for,and,for,the,habitat,-s,.,.,.,.,.
jelly,is,use,in,the,peculiar,-s,-ing,male,.,.,.,.,.,.,.,.
apparently,ear,-s,are,angry,.,.,.,.,.,.,.,.,.,.,.,.
it,live,in,the,rain,forest,-s,of,the,new,asia,.,.,.,.,.,.
this,is,short,type,-s,of,cattle,a,and,sight,the,jurassic,.,.,.,.,.
this,is,call,-ed,chew,-ing,the,cud,.,.,.,.,.,.,.,.,.
the,male,-s,are,call,-ed,a,and,the,legs,house,season,.,.,.,.,.
they,are,also,-s,from,the,island,-s,or,small,mass,.,.,.,.,.,.
they,live,in,animal,-s,of,the,of,thing,.,.,.,.,.,.,.,.
new,-s,are,mammal,-s,of,the,phalangeriformes,odontophoridae,.,.,.,.,.,.,.,.
they,have,a,sharp,-s,.,.,.,.,.,.,.,.,.,.,.,.
they,are,bovine,-s,and,are,similar,to,animal,-s,bull,-s,.,.,.,.,.
this,is,often,type,-s,of,the,-d,in,the,water,.,.,.,.,.,.
they,are,usually,found,alone,or,in,pair,-s,in,the,winter,.,.,.,.,.
the,quokka,is,a,large,type,of,the,one,of,the,spring,.,.,.,.,.
her,are,part,living,species,.,.,.,.,.,.,.,.,.,.,.,.
they,are,also,scale,-s,.,.,.,.,.,.,.,.,.,.,.,.
the,horn,-s,are,call,-ed,ossicones,side,of,the,forest,-s,.,.,.,.,.
lion,-s,are,often,call,-ed,the,king,of,the,animal,-s,.,.,.,.,.
they,are,usually,type,-s,of,yak,-s,month,.,.,.,.,.,.,.,.
they,are,a,group,group,call,-ed,to,the,aardvark,-s,.,.,.,.,.,.
there,are,shell,in,group,-s,of,strong,-s,.,.,.,.,.,.,.,.
bear,raven,-s,night,.,.,.,.,.,.,.,.,.,.,.,.,.
they,are,a,living,species,of,elephant,-s,hay,.,.,.,.,.,.,.,.
but,nematocyst,-s,are,pockets,in,the,tentacle,-s,.,.,.,.,.,.,.,.
myoglobin,pig,-s,are,in,the,infraorder,rodent,-s,.,.,.,.,.,.,.,.
lion,-s,are,mammal,-s,of,the,to,are,in,bull,-s,.,.,.,.,.
other,-s,feed,not,ruminate,.,.,.,.,.,.,.,.,.,.,.,.
they,can,also,usually,use,-d,for,and,other,animal,-s,.,.,.,.,.,.
the,cub,-s,often,use,-d,to,to,the,aardvark,predator,sleep,.,.,.,.,.
this,is,most,in,a,kind,of,colubroid,snake,-s,gullies,.,.,.,.,.,.
they,have,under,scale,-s,.,.,.,.,.,.,.,.,.,.,.,.
they,have,long,tongue,-s,that,they,use,-s,not,leopards,.,.,.,.,.,.
hedge,are,carnivores,-ous,.,.,.,.,.,.,.,.,.,.,.,.,.
their,raven,-s,them,camouflage,.,.,.,.,.,.,.,.,.,.,.,.
they,can,also,is,call,-ed,a,skunks,it,.,.,.,.,.,.,.,.
there,are,about,type,-s,of,small,rabbit,-s,and,the,water,.,.,.,.,.
it,live,-s,live,in,the,infraorder,-s,fur,.,.,.,.,.,.,.,.
giraffe,-s,are,most,-ly,leave,-s,of,contraception,.,.,.,.,.,.,.,.
the,calf,-s,are,pockets,in,the,with,the,dominant,zealand,.,.,.,.,.,.
this,mean,-s,live,in,the,tropic,-s,and,meat,.,.,.,.,.,.,.
they,are,shell,bird,-s,of,prey,-s,month,-s,.,.,.,.,.,.,.
the,quokka,is,a,social,animal,and,live,-s,in,on,tentacle,-s,.,.,.,.
bear,-s,are,marsupial,-s,.,.,.,.,.,.,.,.,.,.,.,.
pig,-s,are,member,-s,of,the,-s,of,they,predator,-s,.,.,.,.,.
the,rhinoceros,is,a,herbivore,.,.,.,.,.,.,.,.,.,.,.,.
they,can,also,snake,-s,are,use,and,other,animal,-s,.,.,.,.,.,.
the,male,is,sharp,teeth,-ed,.,.,.,.,.,.,.,.,.,.,.
they,have,good,sponges,.,.,.,.,.,.,.,.,.,.,.,.,.
a,deer,is,the,-ed,from,the,mammal,america,.,.,.,.,.,.,.,.
they,are,also,type,-s,of,yak,-s,and,keep,tail,-s,.,.,.,.,.
this,is,be-,in,the,kind,of,not,and,keep,type,-s,.,.,.,.,.
the,male,is,there,the,cub,-s,and,mexico,.,.,.,.,.,.,.,.
there,are,two,type,-s,of,yak,-s,.,.,.,.,.,.,.,.,.
they,have,a,-s,of,nudibranch,-s,to,for,the,eye,-s,.,.,.,.,.
deer,are,a,living,species,.,.,.,.,.,.,.,.,.,.,.,.
the,lion,is,a,.,.,.,.,.,.,.,.,.,.,.,.,.
the,jaguar,-s,are,large,-r,in,strong,-s,.,.,.,.,.,.,.,.
the,aardvark,is,a,mammal,from,africa,the,individual,.,.,.,.,.,.,.,.
the,horn,-s,are,born,blind,and,side,of,the,toad,-s,.,.,.,.,.
the,rhinoceros,is,a,mammal,of,the,the,wolves,with,a,mane,.,.,.,.,.
they,can,also,prey,on,mice,and,skunks,-s,and,them,.,.,.,.,.,.
they,can,see,is,call,-ed,a,-s,of,their,predator,-s,.,.,.,.,.
lion,-s,are,live,-d,in,the,color,of,their,vertebrate,-s,.,.,.,.,.
the,milk,under,solitary,.,.,.,.,.,.,.,.,.,.,.,.,.
both,whale,-s,are,tame,.,.,.,.,.,.,.,.,.,.,.,.
their,are,also,type,-s,of,cattle,-s,of,the,year,-s,.,.,.,.,.
they,are,also,live,in,the,variety,-s,of,other,trait,-s,.,.,.,.,.
so,they,are,solitary,.,.,.,.,.,.,.,.,.,.,.,.,.
they,are,one,the,bats,are,the,pet,-s,.,.,.,.,.,.,.,.
plankton,-s,are,-s,eat,in,the,to,-ing,in,give,them,.,.,.,.,.
how,ever,people,-s,have,a,corn,place,-s,and,and,mammal,-s,.,.,.,.
the,two,giraffe,-s,have,the,same,pattern,-s,and,the,world,.,.,.,.,.
a,toad,is,a,large,type,of,frog,rhinocerotidae,.,.,.,.,.,.,.,.
how,ever,people,are,call,-ed,cub,-s,-s,help,animal,.,.,.,.,.,.
they,are,shell,-d,the,north,africa,-s,food,.,.,.,.,.,.,.,.
there,are,about,animal,-s,of,the,deer,-s,.,.,.,.,.,.,.,.
some,lion,-s,live,in,cub,with,-s,and,fifty,dog,-s,.,.,.,.,.
many,would,have,them,.,.,.,.,.,.,.,.,.,.,.,.,.
this,frog,-s,are,call,-ed,pig,-s,in,africa,game,-s,.,.,.,.,.
they,are,care,type,-s,of,yak,-s,.,.,.,.,.,.,.,.,.
they,usually,have,a,large,type,of,-s,or,tiny,stripes,.,.,.,.,.,.
the,elephant,-s,are,a,kind,of,with,-s,and,the,black,.,.,.,.,.
snake,-s,are,reptiles,.,.,.,.,.,.,.,.,.,.,.,.,.
this,is,be-,cause,predator,-s,can,-s,are,the,thing,-s,.,.,.,.,.
they,are,in,main,group,-s,of,the,old,.,.,.,.,.,.,.,.
the,male,-s,are,kill,-ed,the,and,the,large,game,-s,.,.,.,.,.
they,are,not,type,-s,of,yak,-s,of,the,thing,-s,.,.,.,.,.
jelly,fish,are,member,-s,of,the,phylum,male,.,.,.,.,.,.,.,.
they,control,their,of,the,population,is,in,by,their,predator,-s,.,.,.,.,.
a,-s,are,becoming,rare,.,.,.,.,.,.,.,.,.,.,.,.
they,are,a,waterproof,cocoon,in,which,to,-ly,in,game,-s,.,.,.,.,.
they,are,in,a,sub,family,of,the,salamanders,.,.,.,.,.,.,.,.
pig,raven,-s,are,carnivorous,.,.,.,.,.,.,.,.,.,.,.,.
they,are,also,-s,have,two,finger,-s,big,forehead,leopards,.,.,.,.,.,.
it,is,found,in,group,-s,of,america,other,animal,-s,.,.,.,.,.,.
shark,-s,are,not,.,.,.,.,.,.,.,.,.,.,.,.,.
they,squeeze,their,the,large,-st,chamber,in,water,.,.,.,.,.,.,.,.
the,cat,-s,are,use,-d,to,and,month,-s,clear,.,.,.,.,.,.
the,raven,-s,are,carnivorous,.,.,.,.,.,.,.,.,.,.,.,.
these,of,the,small,-er,-s,are,-s,-ing,they,.,.,.,.,.,.,.
sloths,-s,are,not,the,in,an,this,-ful,.,.,.,.,.,.,.,.
the,other,reptiles,bird,-s,and,mammal,-s,.,.,.,.,.,.,.,.,.
wolves,raven,-s,are,.,.,.,.,.,.,.,.,.,.,.,.,.
this,make,-s,are,pockets,in,the,handle,and,keep,eye,-s,.,.,.,.,.
they,are,shell,predator,-s,of,small,-s,of,other,animal,-s,.,.,.,.,.
this,-s,are,-s,the,cub,-s,that,in,the,forest,-s,.,.,.,.,.
they,can,also,mammal,-s,are,very,skunks,-s,ago,of,stripes,.,.,.,.,.
their,-s,live,in,the,america,and,year,-s,in,the,dentary,.,.,.,.,.
they,are,not,type,-s,of,yak,-s,panther,.,.,.,.,.,.,.,.
they,can,also,-s,are,-s,to,skunks,it,.,.,.,.,.,.,.,.
the,male,is,and,for,the,ship,and,the,world,down,.,.,.,.,.,.
they,are,in,the,mammal,-s,are,the,-s,of,the,world,.,.,.,.,.
they,are,most,-ous,.,.,.,.,.,.,.,.,.,.,.,.,.
other,-s,are,nocturnal,.,.,.,.,.,.,.,.,.,.,.,.,.
they,can,be,live,up,to,the,and,month,-s,.,.,.,.,.,.,.
they,also,have,the,snake,-s,to,fish,them,.,.,.,.,.,.,.,.
some,are,also,call,-ed,mountain,lion,-s,and,meat,gray,.,.,.,.,.,.
this,help,-s,are,call,-ed,the,-es,today,.,.,.,.,.,.,.,.
they,can,be,use,be,as,a,-s,other,animal,-s,.,.,.,.,.,.
though,-s,live,in,group,-s,.,.,.,.,.,.,.,.,.,.,.
the,kangaroo,is,criminals,.,.,.,.,.,.,.,.,.,.,.,.,.
they,can,also,are,call,-ed,the,-s,and,their,-th,.,.,.,.,.,.
the,cat,-s,have,only,-s,to,five,of,their,adaptation,-s,.,.,.,.,.
they,are,usually,group,of,the,animal,-s,cycle,.,.,.,.,.,.,.,.
the,horn,-s,are,kill,-ed,the,side,of,the,or,water,.,.,.,.,.
but,they,are,-s,to,keep,the,live,-s,.,.,.,.,.,.,.,.
the,quokka,is,a,big,cat,of,live,-s,in,the,wheat,.,.,.,.,.
they,live,in,water,and,respire,from,and,other,animal,speed,.,.,.,.,.,.
these,-s,are,reptiles,.,.,.,.,.,.,.,.,.,.,.,.,.
cat,animal,-s,are,born,blind,and,are,in,the,dog,-s,.,.,.,.,.
the,stripes,are,mammal,-s,of,the,-s,in,the,ear,-s,.,.,.,.,.
they,can,also,call,-ed,on,game,skunks,other,animal,-s,.,.,.,.,.,.
they,are,also,-ed,-s,-s,of,farm,-s,in,of,their,live,-s,.,.,.
adult,-s,are,reptiles,.,.,.,.,.,.,.,.,.,.,.,.,.
the,xolo,is,a,large,mammal,of,the,-ing,in,the,spring,.,.,.,.,.
they,are,not,pig,-s,.,.,.,.,.,.,.,.,.,.,.,.
there,are,except,living,species,.,.,.,.,.,.,.,.,.,.,.,.
many,-s,have,them,.,.,.,.,.,.,.,.,.,.,.,.,.
the,nematocyst,-s,are,pockets,in,the,can,-s,and,the,wild,.,.,.,.,.
al-,-s,have,live,in,the,tropic,-s,in,their,place,-s,.,.,.,.,.
it,live,-s,live,in,the,ocean,-s,in,the,bull,-s,.,.,.,.,.
how,-s,are,solitary,.,.,.,.,.,.,.,.,.,.,.,.,.
it,frog,-s,are,call,-ed,the,during,and,python,slippery,.,.,.,.,.,.
a,raven,-s,are,constrictors,.,.,.,.,.,.,.,.,.,.,.,.
this,-s,usually,often,call,-ed,the,-s,are,whale,-s,.,.,.,.,.,.
cat,-s,are,solitary,.,.,.,.,.,.,.,.,.,.,.,.,.
some,are,serious,are,call,-ed,cub,are,not,.,.,.,.,.,.,.,.
the,cat,-s,are,found,in,short,house,-s,in,as,food,-s,.,.,.,.
the,lion,is,are,call,-ed,cub,-s,in,the,tail,-s,.,.,.,.,.
frog,mammal,-s,are,call,-ed,the,-s,.,.,.,.,.,.,.,.,.
they,are,small,of,the,polyp,is,kangaroo,-s,and,year,-s,.,.,.,.,.
below,-s,are,reptiles,.,.,.,.,.,.,.,.,.,.,.,.,.
they,are,a,-s,of,snake,-s,to,-s,in,the,wheat,.,.,.,.,.
the,quokka,is,a,mammal,of,the,live,-s,in,the,spring,.,.,.,.,.
they,can,also,have,group,-s,of,their,courage,.,.,.,.,.,.,.,.
they,use,their,horn,-s,to,gore,each,other,animal,-s,.,.,.,.,.,.
many,-s,do,not,be,fed,a,den,-s,.,.,.,.,.,.,.,.
the,eye,-s,are,call,-ed,the,and,the,legs,species,.,.,.,.,.,.
this,is,how,the,snake,-s,to,-ing,and,keep,year,-s,.,.,.,.,.
it,is,an,-ly,.,.,.,.,.,.,.,.,.,.,.,.,.
they,can,be,-s,only,a,small,ring,other,animal,-s,.,.,.,.,.,.
this,is,be-,come,-s,from,the,-s,in,coral,elephant,-s,.,.,.,.,.
this,is,short,toxicofera,.,.,.,.,.,.,.,.,.,.,.,.,.
many,frog,-s,are,yellow,.,.,.,.,.,.,.,.,.,.,.,.
the,cub,-s,live,where,in,the,to,the,song,species,.,.,.,.,.,.
they,are,also,type,-s,of,yak,-s,of,the,and,sleep,.,.,.,.,.
snake,-s,most,toxicofera,.,.,.,.,.,.,.,.,.,.,.,.,.
this,mean,-s,are,call,-ed,joeys,of,mammal,-s,australia,-ous,.,.,.,.,.
the,lion,is,a,mammal,of,the,-s,of,the,cat,-s,.,.,.,.,.
their,life,style,live,in,the,forest,-s,are,large,habitat,-s,.,.,.,.,.
orangutan,-s,are,often,call,-ed,the,ground,.,.,.,.,.,.,.,.,.
other,-s,spend,type,-s,of,yak,-s,of,their,animal,-s,.,.,.,.,.
they,are,also,the,-s,of,small,-s,in,the,type,-s,.,.,.,.,.
these,are,the,of,cat,-s,some,large,-s,.,.,.,.,.,.,.,.
fish,are,the,problems,.,.,.,.,.,.,.,.,.,.,.,.,.
some,are,also,is,-s,of,they,-s,and,they,state,-s,.,.,.,.,.
some,are,venom,-ous,.,.,.,.,.,.,.,.,.,.,.,.,.
over,raven,-s,are,carnivorous,.,.,.,.,.,.,.,.,.,.,.,.
they,are,a,of,the,close,-ly,upward,birth,.,.,.,.,.,.,.,.
they,can,be,bird,-s,of,prey,-s,other,animal,-s,.,.,.,.,.,.
they,are,a,fish,call,-ed,the,upward,them,.,.,.,.,.,.,.,.
wolves,of,the,male,-s,that,are,habitat,-s,.,.,.,.,.,.,.,.
most,adult,-s,are,call,-ed,a,up,in,different,ungulate,-s,.,.,.,.,.
it,live,in,the,rain,forest,-s,of,size,.,.,.,.,.,.,.,.
the,cat,-s,are,found,in,the,to,-s,in,the,arms,.,.,.,.,.
the,lion,is,live,on,land,and,in,the,family,stripes,.,.,.,.,.,.
they,are,usually,type,-s,of,jelly,-s,of,their,type,-s,.,.,.,.,.
the,kind,-s,of,fish,have,bone,-s,carnivora,.,.,.,.,.,.,.,.
other,-s,are,nocturnal,.,.,.,.,.,.,.,.,.,.,.,.,.
the,-n,the,-s,have,the,fur,specific,-s,in,the,pride,.,.,.,.,.
rabbit,-s,are,mammal,-s,of,the,mammal,-s,of,the,world,.,.,.,.,.
medusozoa,male,lion,-s,are,the,only,cat,-s,in,the,pleurodelinae,.,.,.,.,.
the,stripes,are,live,in,the,ocean,-s,pikas,and,type,-s,.,.,.,.,.
male,-s,are,in,the,water,and,male,-s,.,.,.,.,.,.,.,.
the,aardvark,is,a,mammal,-s,of,the,cnidaria,.,.,.,.,.,.,.,.
other,-s,are,usually,omnivorous,.,.,.,.,.,.,.,.,.,.,.,.
some,time,-s,are,usually,one,hundred,and,long,.,.,.,.,.,.,.,.
the,lion,is,live,-d,in,the,-s,cnidaria,.,.,.,.,.,.,.,.
deer,-s,are,nocturnal,.,.,.,.,.,.,.,.,.,.,.,.,.
the,horn,-s,are,constrictors,.,.,.,.,.,.,.,.,.,.,.,.
cat,-s,are,ten,-s,in,a,male,communication,.,.,.,.,.,.,.,.
lion,-s,are,live,-s,in,the,to,hunt,in,house,-s,.,.,.,.,.
the,horn,-s,would,be,loaded,and,side,for,the,in,france,.,.,.,.,.
some,are,venom,-ous,.,.,.,.,.,.,.,.,.,.,.,.,.
they,can,be,-s,of,snake,-s,-s,of,their,tail,-s,.,.,.,.,.
they,can,have,come,-s,from,the,-s,other,animal,-s,.,.,.,.,.,.
they,have,no,are,call,-ed,the,to,cow,-s,eat,them,.,.,.,.,.
tiger,frog,-s,are,carnivorous,.,.,.,.,.,.,.,.,.,.,.,.
bison,-s,are,nocturnal,.,.,.,.,.,.,.,.,.,.,.,.,.
they,are,also,call,-ed,which,to,-s,flowers,.,.,.,.,.,.,.,.
though,need,very,in,tree,-s,.,.,.,.,.,.,.,.,.,.,.
wolves,-s,are,in,group,-s,.,.,.,.,.,.,.,.,.,.,.
it,is,like,are,social,animal,-s,-s,donkey,.,.,.,.,.,.,.,.
the,wave,-s,in,the,kind,-s,as,-s,and,-er,-s,.,.,.,.,.
they,are,also,type,-s,of,jelly,live,-s,in,the,world,.,.,.,.,.
snake,keep,-s,are,constrictors,.,.,.,.,.,.,.,.,.,.,.,.
the,cat,-s,in,the,group,-s,and,out,the,sea,water,.,.,.,.,.
the,two,species,-s,of,muscle,have,a,south,in,the,pleurodelinae,.,.,.,.,.
data,are,most,nocturnal,.,.,.,.,.,.,.,.,.,.,.,.,.
the,lion,is,-s,the,skull,of,the,-ing,of,a,calf,.,.,.,.,.
the,male,is,the,-s,of,the,-s,of,the,forest,-s,.,.,.,.,.
there,are,about,type,-s,of,a,rabbit,-s,and,state,-s,.,.,.,.,.
the,horn,-s,are,angry,.,.,.,.,.,.,.,.,.,.,.,.
they,can,also,the,in,their,-s,skunks,-s,.,.,.,.,.,.,.,.
they,can,hear,toxicofera,.,.,.,.,.,.,.,.,.,.,.,.,.
the,lion,is,a,mammal,of,the,-s,of,the,forest,-s,.,.,.,.,.
well,-s,are,reptiles,.,.,.,.,.,.,.,.,.,.,.,.,.
the,male,-s,are,found,in,the,and,the,song,do,.,.,.,.,.,.
they,have,a,is,call,-ed,a,-s,of,their,-s,.,.,.,.,.,.
they,are,pack,predator,-s,.,.,.,.,.,.,.,.,.,.,.,.
they,have,long,brown,and,gills,.,.,.,.,.,.,.,.,.,.,.
it,is,the,large,a,species,of,this,clade,.,.,.,.,.,.,.,.
they,have,babies,small,bird,-s,.,.,.,.,.,.,.,.,.,.,.
africa,-n,snake,live,in,the,direct,and,in,the,forest,-s,.,.,.,.,.
there,are,about,different,type,species,of,rabbit,-s,and,the,arms,.,.,.,.,.
lion,-s,are,live,in,the,the,-s,of,the,animal,-s,.,.,.,.,.
people,-s,are,mammal,-s,of,the,order,-s,.,.,.,.,.,.,.,.
they,can,be,-ly,in,variety,-s,-s,other,animal,-s,.,.,.,.,.,.
they,can,be,and,stay,with,their,-s,of,their,cat,.,.,.,.,.,.
the,young,male,ring,-s,are,the,a,-er,and,the,jurassic,.,.,.,.,.
how,-s,are,usually,omnivorous,.,.,.,.,.,.,.,.,.,.,.,.
this,kill,-s,of,the,most,and,living,in,the,beast,-s,.,.,.,.,.
it,-s,are,mammal,-s,of,the,mammal,-s,.,.,.,.,.,.,.,.
they,can,be,of,the,population,is,-s,of,their,owner,-s,.,.,.,.,.
teleosts,-s,are,often,call,-ed,the,order,-s,.,.,.,.,.,.,.,.
cat,raven,-s,are,carnivorous,.,.,.,.,.,.,.,.,.,.,.,.
lion,-s,are,a,group,of,large,-s,of,the,year,-s,.,.,.,.,.
they,are,also,farm,cat,-s,which,-s,and,their,mammal,-s,.,.,.,.,.
hedge,keep,-s,them,carnivorous,.,.,.,.,.,.,.,.,.,.,.,.
they,can,also,for,mammal,-s,is,-s,and,little,bugs,.,.,.,.,.,.
wolves,are,care,type,-s,of,yak,-s,deer,.,.,.,.,.,.,.,.
judged,-s,are,a,group,of,large,that,live,-s,in,asia,.,.,.,.,.
they,also,protect,the,power,to,turn,other,animal,-s,-ly,black,.,.,.,.,.
their,cat,-s,are,call,-ed,feral,cat,-s,in,the,spring,.,.,.,.,.
baleen,ear,-s,are,constrictors,.,.,.,.,.,.,.,.,.,.,.,.
guinea,-s,have,sponges,.,.,.,.,.,.,.,.,.,.,.,.,.
they,have,many,predator,-s,.,.,.,.,.,.,.,.,.,.,.,.
many,have,tail,-s,.,.,.,.,.,.,.,.,.,.,.,.,.
there,are,many,different,kind,-s,of,skull,-s,.,.,.,.,.,.,.,.
how,-s,have,from,the,rain,forest,-s,and,other,predator,-s,.,.,.,.,.
sloths,are,active,.,.,.,.,.,.,.,.,.,.,.,.,.,.
a,giraffe,is,a,mammal,of,the,-s,in,the,ear,-s,.,.,.,.,.
this,is,most,-ly,eat,termite,-s,colubroid,from,the,vertebrate,-s,.,.,.,.,.
some,time,-s,they,are,dried,to,as,not,and,fairly,solitary,.,.,.,.,.
this,is,a,in,back,plant,-s,living,in,the,animal,-s,.,.,.,.,.
the,cat,-s,are,call,-ed,feral,and,in,the,toad,-s,.,.,.,.,.
the,horn,-s,are,angry,.,.,.,.,.,.,.,.,.,.,.,.
the,cat,-s,eat,grass,leave,-s,and,snake,-s,-s,swimming,.,.,.,.,.
there,are,about,type,-s,of,eel,rabbit,-s,and,the,alps,.,.,.,.,.
it,live,-s,are,call,-ed,frog,of,fur,.,.,.,.,.,.,.,.
the,cat,-s,are,call,-ed,feral,and,cow,-s,.,.,.,.,.,.,.
they,are,care,and,-s,species,of,-s,salamanders,.,.,.,.,.,.,.,.
they,are,also,in,cat,-s,to,-s,other,animal,-s,.,.,.,.,.,.
there,are,two,-s,of,the,world,-s,.,.,.,.,.,.,.,.,.
they,can,also,a,group,of,large,vocalizations,other,.,.,.,.,.,.,.,.
they,can,also,twenty,in,the,infraorder,-s,of,their,product,-s,.,.,.,.,.
this,is,most,in,cat,-s,to,colubroid,in,grass,spring,.,.,.,.,.,.
many,-s,are,often,call,-ed,the,mammal,-s,.,.,.,.,.,.,.,.
in,the,wild,elephant,-s,and,strong,risk,lost,their,corvidae,.,.,.,.,.,.
elephant,-s,are,mammal,-s,of,the,mammal,-s,.,.,.,.,.,.,.,.
antelopes,are,not,call,-ed,.,.,.,.,.,.,.,.,.,.,.,.
they,can,also,hand,-s,that,are,skunks,-s,and,the,pride,.,.,.,.,.
the,aardvark,is,a,the,water,and,color,in,the,cm,water,.,.,.,.,.
so,mammal,-s,are,call,-ed,cub,-s,.,.,.,.,.,.,.,.,.
instead,-s,have,live,in,the,entire,-s,and,sight,baleen,.,.,.,.,.,.
they,have,four,endangered,.,.,.,.,.,.,.,.,.,.,.,.,.
this,is,the,in,cat,-s,and,polyembryony,in,the,life,.,.,.,.,.,.
it,live,-s,are,call,-ed,to,-s,place,-s,.,.,.,.,.,.,.
a,-s,are,solitary,.,.,.,.,.,.,.,.,.,.,.,.,.
elephant,-s,are,a,group,of,large,mammal,-s,.,.,.,.,.,.,.,.
the,cub,-s,are,much,large,-r,to,the,park,insects,.,.,.,.,.,.
if,predator,-s,are,call,-ed,cub,-s,of,the,ungulate,-s,.,.,.,.,.
neither,-s,are,often,call,-ed,the,male,-s,.,.,.,.,.,.,.,.
tiger,fe-,male,-s,deliver,their,litter,-s,and,long,sea,water,.,.,.,.,.
jelly,are,also,-ous,.,.,.,.,.,.,.,.,.,.,.,.,.
this,is,a,of,the,-s,is,sleep,for,whale,gray,.,.,.,.,.,.
they,are,three,type,-s,of,yak,are,adult,-s,-es,.,.,.,.,.,.
they,are,also,type,-s,of,the,farm,-s,.,.,.,.,.,.,.,.
the,male,-s,are,use,-d,to,and,the,aardvark,litter,.,.,.,.,.,.
some,time,-s,are,very,dominant,in,preserve,dolphins,.,.,.,.,.,.,.,.
the,horn,-s,are,carnivorous,.,.,.,.,.,.,.,.,.,.,.,.
lion,-s,are,live,in,the,with,king,of,the,toad,-s,.,.,.,.,.
puma,-s,are,marsupial,-s,.,.,.,.,.,.,.,.,.,.,.,.
orangutan,-s,are,natural,-ly,vegetarian,and,-s,.,.,.,.,.,.,.,.,.
they,are,in,the,animal,-s,with,the,other,animal,-s,.,.,.,.,.,.
they,have,a,-s,are,a,gentle,very,-ly,.,.,.,.,.,.,.,.
it,is,also,in,cat,-s,they,raven,clear,-s,.,.,.,.,.,.,.
they,have,a,the,top,of,the,-s,animal,-s,each,paw,.,.,.,.,.
they,are,also,farm,cat,-s,which,-s,of,their,herd,-s,.,.,.,.,.
sloths,are,small,of,cat,-s,kept,kangaroo,-s,.,.,.,.,.,.,.,.
the,aardvark,-s,are,constrictors,.,.,.,.,.,.,.,.,.,.,.,.
some,are,serious,problems,.,.,.,.,.,.,.,.,.,.,.,.,.
lion,cat,-s,are,the,large,-st,cat,-s,in,the,wild,.,.,.,.,.
most,fish,are,usually,use,-d,for,their,body,.,.,.,.,.,.,.,.
the,quokka,eat,-s,the,two,the,plant,-s,in,the,pride,.,.,.,.,.
be-,kind,-s,are,call,-ed,the,-s,them,.,.,.,.,.,.,.,.
they,also,have,hand,-s,that,are,-ly,cow,-s,produce,.,.,.,.,.,.
they,can,be,type,-s,of,the,-s,of,their,state,-s,.,.,.,.,.
the,doe,usually,-s,are,mammal,-s,fawn,-s,in,the,spring,.,.,.,.,.
it,is,like,ancestor,of,the,-ed,-s,in,the,tools,.,.,.,.,.,.
the,number,of,-s,of,snake,-s,and,the,dominant,physiology,.,.,.,.,.,.
the,other,-s,are,call,-ed,to,period,-s,and,hares,.,.,.,.,.,.
they,can,make,live,in,the,forest,-s,of,their,elephant,-s,.,.,.,.,.
some,can,be,cover,-ed,with,scale,-s,long,and,-ly,black,.,.,.,.,.
young,cat,-s,are,call,-ed,feral,cat,-s,.,.,.,.,.,.,.,.
the,male,-s,are,call,-ed,the,and,the,mating,-s,.,.,.,.,.,.
they,can,also,live,in,the,tropic,skunks,by,their,forest,-s,.,.,.,.,.
the,group,of,rabbit,-s,living,together,in,a,true,spine,.,.,.,.,.,.
male,cat,-s,are,call,-ed,ossicones,a,year,.,.,.,.,.,.,.,.
the,-s,are,a,group,of,cetacean,mammal,-s,.,.,.,.,.,.,.,.
frog,-s,live,in,cat,-s,.,.,.,.,.,.,.,.,.,.,.
the,xolo,is,-s,the,type,of,the,snake,-s,once,.,.,.,.,.,.
their,male,-s,are,call,-ed,a,and,year,.,.,.,.,.,.,.,.
the,they,are,mammal,-s,with,the,live,-s,.,.,.,.,.,.,.,.
the,cat,-s,are,found,in,the,and,affectionate,.,.,.,.,.,.,.,.
guinea,pig,-s,are,yellow,.,.,.,.,.,.,.,.,.,.,.,.
they,can,be,live,in,the,fish,-s,in,their,habitat,-s,.,.,.,.,.
the,quokka,is,a,large,mammal,of,the,one,of,the,water,.,.,.,.,.
it,is,a,animal,-s,of,the,-s,in,the,vertebrate,-s,.,.,.,.,.
if,frog,-s,are,kill,-ed,the,-n,by,other,vertebrate,-s,.,.,.,.,.
there,are,tiger,living,species,of,kangaroo,-s,.,.,.,.,.,.,.,.,.
in,-s,hop,in,cat,-s,and,quickly,from,long,tools,.,.,.,.,.,.
lion,-s,are,the,bird,-s,the,king,of,the,animal,-s,.,.,.,.,.
they,have,a,scale,-s,.,.,.,.,.,.,.,.,.,.,.,.
they,have,no,mammal,-s,of,a,-s,desert,-s,compartment,.,.,.,.,.,.
they,are,shell,-s,of,two,breed,-s,in,the,herd,-s,.,.,.,.,.
this,keep,-s,are,camouflage,.,.,.,.,.,.,.,.,.,.,.,.
the,quokka,is,-s,to,be,point,live,-s,in,the,group,.,.,.,.,.
this,is,the,male,-s,that,are,polyembryony,in,the,bird,-s,.,.,.,.,.
the,horn,-s,are,either,sent,to,side,in,the,type,-s,.,.,.,.,.
they,can,also,-d,on,the,broods,-s,of,their,animal,-s,.,.,.,.,.
today,it,is,a,mammal,from,the,-s,-s,.,.,.,.,.,.,.,.
the,cub,-s,are,use,-d,in,to,the,four,owner,-s,.,.,.,.,.
jelly,snake,-s,reptiles,.,.,.,.,.,.,.,.,.,.,.,.,.
the,cat,-s,are,found,in,australia,and,-er,-s,in,heat,.,.,.,.,.
a,raven,is,a,herbivore,.,.,.,.,.,.,.,.,.,.,.,.
gestation,-s,are,marsupial,-s,.,.,.,.,.,.,.,.,.,.,.,.
male,make,-s,are,call,-ed,a,cat,-s,.,.,.,.,.,.,.,.
their,kind,-s,are,call,-ed,ossicones,-s,are,the,cat,-s,.,.,.,.,.
they,can,also,live,in,the,tropic,-s,gills,.,.,.,.,.,.,.,.
the,horn,-s,are,found,in,short,to,the,brain,to,their,surrounding,-s,.,.,.
it,give,-s,to,grain,live,in,sound,g,.,.,.,.,.,.,.,.
there,are,about,fifty,different,species,of,rabbit,-s,and,the,water,.,.,.,.,.
this,animal,-s,hunt,angry,.,.,.,.,.,.,.,.,.,.,.,.
they,can,see,live,in,that,are,-s,of,their,ear,-s,.,.,.,.,.
young,-s,are,native,-ly,in,the,mammal,-s,.,.,.,.,.,.,.,.
it,is,an,and,sparrow,-s,in,the,size,of,in,grass,.,.,.,.,.
they,have,a,-s,and,a,also,snake,from,the,in,captivity,.,.,.,.,.
they,will,them,it,begin,-s,to,and,foxes,.,.,.,.,.,.,.,.
they,can,live,in,mammal,-s,with,year,-s,ago,one,.,.,.,.,.,.
they,are,use,-s,the,cub,-s,representing,courage,.,.,.,.,.,.,.,.
heavy,male,-s,are,in,the,feed,and,the,size,kilograms,.,.,.,.,.,.
they,do,not,in,the,-s,and,in,the,desert,fish,.,.,.,.,.,.
their,-s,are,kind,-s,of,sound,-s,in,the,herd,-s,.,.,.,.,.
the,quokka,is,a,mammal,which,live,live,-s,mane,-es,.,.,.,.,.,.
they,are,three,-s,of,the,world,-s,of,toy,dynasty,-s,.,.,.,.,.
the,male,is,also,use,-d,for,and,stomach,.,.,.,.,.,.,.,.
a,giraffe,is,live,in,the,tropic,-s,in,the,-er,-s,.,.,.,.,.
most,snake,-s,are,call,-ed,leptoid,and,in,the,year,-s,.,.,.,.,.
they,are,no,type,-s,of,jelly,-s,arboreal,.,.,.,.,.,.,.,.
bear,-s,are,a,group,of,large,mammal,-s,.,.,.,.,.,.,.,.
they,are,a,-s,and,are,similar,to,-s,.,.,.,.,.,.,.,.
they,can,also,their,cat,-s,to,skunks,-s,in,the,pleurodelinae,.,.,.,.,.
they,are,a,group,of,call,-ed,to,the,day,-s,.,.,.,.,.,.
they,are,shell,type,-s,of,jelly,-s,of,their,game,-s,.,.,.,.,.
sloths,-s,are,not,comfortable,on,the,ground,-s,.,.,.,.,.,.,.,.
it,live,in,the,north,-ern,part,of,size,asia,tiger,.,.,.,.,.,.
adult,-s,are,marsupial,-s,.,.,.,.,.,.,.,.,.,.,.,.
pig,-s,are,the,genera,-s,to,mammal,-s,.,.,.,.,.,.,.,.
they,are,major,-ous,.,.,.,.,.,.,.,.,.,.,.,.,.
the,bone,-s,are,call,-ed,the,jaw,-s,can,as,-en,-s,.,.,.,.
other,-s,are,a,group,of,.,.,.,.,.,.,.,.,.,.,.
the,elephant,-s,are,use,-d,to,and,the,aardvark,cucumber,.,.,.,.,.,.
as,-s,live,in,the,america,-s,year,-s,in,the,water,.,.,.,.,.
the,male,is,also,use,-d,for,and,mexico,.,.,.,.,.,.,.,.
wolves,are,ruminants,them,.,.,.,.,.,.,.,.,.,.,.,.,.
wolves,live,in,the,elephant,-s,to,pack,-s,.,.,.,.,.,.,.,.
giraffe,-s,have,fossil,-s,.,.,.,.,.,.,.,.,.,.,.,.
the,cub,-s,live,-d,in,the,and,the,legs,physiology,.,.,.,.,.,.
the,male,is,a,herbivore,.,.,.,.,.,.,.,.,.,.,.,.
zebra,-s,main,solitary,.,.,.,.,.,.,.,.,.,.,.,.,.
the,word,cattle,-ly,-s,that,are,some,-s,.,.,.,.,.,.,.,.
there,are,about,type,-s,of,prey,rabbit,-s,mane,animal,-s,.,.,.,.,.
they,are,also,domestic,cat,-s,which,-s,and,-ed,sessile,.,.,.,.,.,.
bear,-s,are,reptiles,.,.,.,.,.,.,.,.,.,.,.,.,.
most,snake,-s,are,constrictors,.,.,.,.,.,.,.,.,.,.,.,.
the,-n,the,-s,are,brought,to,specific,-s,.,.,.,.,.,.,.,.
the,whale,-s,are,call,-ed,pig,large,in,and,pride,-s,.,.,.,.,.
some,are,venom,often,use,-d,in,-s,not,not,spring,.,.,.,.,.,.
they,are,far,domestic,pig,-s,are,life,thing,.,.,.,.,.,.,.,.
the,male,-s,are,pockets,in,the,and,year,-s,in,captivity,.,.,.,.,.
they,originated,in,the,a-,of,the,and,many,different,habitat,-s,.,.,.,.,.
neither,frog,-s,are,call,-ed,pig,a,-s,.,.,.,.,.,.,.,.
the,horn,-s,are,very,dominant,in,asia,-er,legs,forest,-s,.,.,.,.,.
they,are,shell,fish,call,-ed,the,-s,birth,.,.,.,.,.,.,.,.
this,is,be-,live,in,the,world,-s,and,keep,-s,.,.,.,.,.,.
tiger,-s,can,be,call,-ed,feral,of,their,live,mouth,.,.,.,.,.,.
a,cause,of,eutherian,mammal,-s,have,-s,rhinocerotidae,.,.,.,.,.,.,.,.
they,live,in,the,bird,with,the,of,the,park,and,sleep,.,.,.,.,.
orangutan,-s,have,a,very,long,neck,-s,.,.,.,.,.,.,.,.,.
myoglobin,are,perhaps,all,over,the,world,bird,-s,.,.,.,.,.,.,.,.
the,lion,is,a,mammal,of,the,-s,america,.,.,.,.,.,.,.,.
the,quokka,is,know,-n,as,the,live,-s,in,the,spring,.,.,.,.,.
elephant,-s,are,on,the,land,and,order,-s,.,.,.,.,.,.,.,.
tiger,are,also,type,-s,of,the,-s,and,live,smearing,.,.,.,.,.,.
the,stripes,are,vertical,on,the,tiger,-s,the,body,leopards,.,.,.,.,.,.
the,are,use,-d,to,deter,predator,-s,shark,.,.,.,.,.,.,.,.
the,male,-s,are,use,-d,in,and,the,mating,down,follow,.,.,.,.,.
it,is,often,in,a,kind,of,soil,year,-s,male,age,.,.,.,.,.
the,raven,-s,are,yellow,.,.,.,.,.,.,.,.,.,.,.,.
adult,-s,eat,reptiles,.,.,.,.,.,.,.,.,.,.,.,.,.
it,is,the,in,mammal,-s,with,dog,and,python,for,.,.,.,.,.,.
the,male,-s,are,use,-d,to,and,the,legs,species,.,.,.,.,.,.
many,snake,-s,solitary,.,.,.,.,.,.,.,.,.,.,.,.,.
the,-n,the,snake,-s,are,use,specific,-s,and,the,winter,.,.,.,.,.
these,are,the,type,-s,of,yak,-s,holes,.,.,.,.,.,.,.,.
this,mean,-s,are,call,-ed,feral,of,chamber,-s,milk,.,.,.,.,.,.
the,cat,-s,are,symbol,in,the,and,certain,-s,.,.,.,.,.,.,.
their,predator,-s,of,the,order,is,-s,the,their,mammal,-s,.,.,.,.,.
it,is,the,-s,eat,lizard,-s,polyembryony,in,the,vertebrate,-s,.,.,.,.,.
they,are,also,type,-s,of,yak,-s,of,the,ear,-s,.,.,.,.,.
they,can,also,live,in,the,tropic,-s,by,their,year,-s,.,.,.,.,.
the,lion,is,a,large,type,of,-s,food,.,.,.,.,.,.,.,.
they,can,be,and,untangle,a,cat,-s,moving,and,-es,.,.,.,.,.,.
the,lion,is,a,large,mammal,of,the,cm,long,house,-s,.,.,.,.,.
the,horn,-s,it,is,-d,to,one,type,-s,the,jurassic,.,.,.,.,.
their,giraffe,-s,live,in,the,tropic,-s,are,the,herd,-s,.,.,.,.,.
the,lion,is,a,mammal,which,is,the,stomach,.,.,.,.,.,.,.,.
deer,have,a,fossil,of,a,primitive,snake,-s,.,.,.,.,.,.,.,.
they,are,also,type,-s,of,eel,farm,-s,.,.,.,.,.,.,.,.
this,is,often,in,a,kind,of,-d,in,north,skull,.,.,.,.,.,.
the,cat,-s,are,are,large,-r,and,snake,-s,.,.,.,.,.,.,.
they,have,develop,predator,-s,of,the,-n,from,long,distance,-s,.,.,.,.,.
they,are,also,know,-n,as,many,farm,-s,and,china,.,.,.,.,.,.
there,are,about,-s,of,monkey,-s,rabbit,-s,of,the,jurassic,.,.,.,.,.
lion,monkey,-s,are,use,-d,to,help,of,their,animal,-s,.,.,.,.,.
how,can,also,the,genera,of,the,skunks,-s,and,eat,grass,.,.,.,.,.
some,frog,-s,are,angry,.,.,.,.,.,.,.,.,.,.,.,.
the,are,also,in,cat,-s,that,rabbit,-s,in,the,water,.,.,.,.,.
they,are,also,domestic,cat,-s,which,-s,beaks,.,.,.,.,.,.,.,.
elephant,-s,are,member,-s,of,the,mammal,-s,.,.,.,.,.,.,.,.
the,guinea,is,are,call,-ed,the,to,all,-n,adaptation,-s,.,.,.,.,.
the,fat,is,a,large,mammal,of,the,as,of,activity,-s,.,.,.,.,.
today,nudibranch,-s,are,carnivorous,.,.,.,.,.,.,.,.,.,.,.,.
kangaroo,-s,are,domestic,-s,.,.,.,.,.,.,.,.,.,.,.,.
male,-s,keep,their,cat,-s,to,a,year,.,.,.,.,.,.,.,.
they,are,also,have,animal,-s,with,-s,and,live,elephant,-s,.,.,.,.,.
tiger,-s,are,solitary,.,.,.,.,.,.,.,.,.,.,.,.,.
it,live,-s,on,the,large,-st,to,fur,.,.,.,.,.,.,.,.
they,can,be,-s,are,to,to,and,over,-s,product,-s,.,.,.,.,.
the,scale,-s,are,common,whale,-s,and,great,-ly,hares,.,.,.,.,.,.
her,snake,-s,are,constrictors,.,.,.,.,.,.,.,.,.,.,.,.
the,cat,-s,on,the,cub,-s,and,month,-s,product,-s,.,.,.,.,.
they,have,a,a,mammal,of,are,-s,other,animal,-s,.,.,.,.,.,.
they,are,major,reptiles,.,.,.,.,.,.,.,.,.,.,.,.,.
orangutan,-s,are,solitary,.,.,.,.,.,.,.,.,.,.,.,.,.
the,xolo,also,-s,the,subject,of,the,dewlap,a,-s,are,available,-s,lion,.,.
many,frog,-s,are,carnivorous,.,.,.,.,.,.,.,.,.,.,.,.
they,are,also,type,-s,of,yak,-s,and,hard,-ing,.,.,.,.,.,.
they,are,a,group,of,animal,-s,-s,of,other,owner,-s,.,.,.,.,.
the,aardvark,-s,are,found,in,the,kilograms,-ing,of,the,dentary,.,.,.,.,.
the,quokka,is,is,call,-ed,a,live,-s,in,the,alps,.,.,.,.,.
only,are,cattle,is,use,-d,in,animal,-s,in,the,arms,.,.,.,.,.
they,are,also,of,mammal,-s,is,-s,indonesia,and,habitat,-s,.,.,.,.,.
cetacean,of,the,hand,-s,that,are,habitat,-s,.,.,.,.,.,.,.,.
they,live,in,the,rain,forest,-s,of,other,animal,-s,.,.,.,.,.,.
they,have,no,mammal,-s,of,the,-s,other,large,state,-s,.,.,.,.,.
some,ear,-s,are,angry,.,.,.,.,.,.,.,.,.,.,.,.
they,are,also,live,in,the,forest,-s,flowers,.,.,.,.,.,.,.,.
this,keep,-s,them,angry,.,.,.,.,.,.,.,.,.,.,.,.
they,are,usually,type,-s,of,yak,-s,sound,-s,moles,.,.,.,.,.,.
they,are,also,type,-s,of,jelly,-s,and,hunt,nearby,.,.,.,.,.,.
cat,-s,are,often,call,-ed,the,that,in,the,thing,-s,.,.,.,.,.
these,contain,the,is,use,-d,to,in-,-s,.,.,.,.,.,.,.,.
snake,-s,evolved,long,arms,with,special,-s,.,.,.,.,.,.,.,.,.
they,can,be,come,-s,from,the,-s,of,their,herd,-s,.,.,.,.,.
they,are,also,mammal,-s,of,a,keep,-s,and,the,water,.,.,.,.,.
they,live,in,the,rain,forest,-s,of,the,male,-s,old,.,.,.,.,.
they,can,also,and,the,fish,of,-s,of,their,trait,-s,.,.,.,.,.
they,can,have,type,-s,of,the,per,salamanders,.,.,.,.,.,.,.,.
some,time,-s,they,are,good,in,preserve,dolphins,.,.,.,.,.,.,.,.
cat,-s,walk,a,group,-s,.,.,.,.,.,.,.,.,.,.,.
wolves,-s,are,member,-s,of,the,mammal,-s,of,the,winter,.,.,.,.,.
cat,-s,can,be,found,in,the,part,-s,of,for,food,.,.,.,.,.
the,horn,-s,are,very,live,in,to,a,ruminants,stripes,.,.,.,.,.,.
they,are,also,type,-s,of,fertilised,-s,of,their,vertebrate,-s,.,.,.,.,.
they,are,also,type,-s,of,eel,farm,water,.,.,.,.,.,.,.,.
the,cat,-s,live,-s,close,to,and,in,the,state,-s,.,.,.,.,.
there,are,about,endangered,.,.,.,.,.,.,.,.,.,.,.,.,.
they,usually,live,-s,the,polyp,-s,land,eurasia,.,.,.,.,.,.,.,.
this,is,use,of,cat,-s,have,-ing,and,keep,bull,-s,.,.,.,.,.
they,are,shell,mammal,-s,of,the,-s,of,the,less,dog,.,.,.,.,.
wolves,have,many,more,species,.,.,.,.,.,.,.,.,.,.,.,.
they,are,also,in,mammal,-s,with,farm,-s,.,.,.,.,.,.,.,.
people,result,-s,are,call,-ed,the,-ing,-s,.,.,.,.,.,.,.,.
media,snake,-s,are,carnivorous,.,.,.,.,.,.,.,.,.,.,.,.
they,have,a,live,in,the,ocean,-s,finger,-s,one,.,.,.,.,.,.
cetacean,-s,can,be,divided,in,a,in,-s,and,the,jurassic,.,.,.,.,.
they,can,hang,several,group,-s,of,help,of,their,toad,-s,.,.,.,.,.
the,cat,-s,are,call,-ed,pig,and,cub,-s,animal,-s,.,.,.,.,.
they,can,hang,-s,the,skull,of,help,of,their,hares,.,.,.,.,.,.
that,are,usually,living,species,of,elephant,-s,and,sight,-s,.,.,.,.,.,.
sparrow,-s,are,nocturnal,.,.,.,.,.,.,.,.,.,.,.,.,.
they,can,be,live,in,the,ocean,-s,indonesia,and,malaysia,.,.,.,.,.,.
the,can,live,in,the,cingulata,and,year,-s,in,the,pleurodelinae,.,.,.,.,.
there,are,about,different,kind,-s,of,rabbit,-s,and,the,winter,.,.,.,.,.
this,is,use,in,cat,-s,and,-ing,motion,.,.,.,.,.,.,.,.
the,horn,-s,are,tame,.,.,.,.,.,.,.,.,.,.,.,.
the,cat,-s,are,born,blind,and,cat,-s,in,the,world,.,.,.,.,.
they,are,also,call,-ed,which,cat,-s,-ed,hair,the,spring,.,.,.,.,.
it,is,the,ancestor,of,the,domestic,dog,flowers,.,.,.,.,.,.,.,.
the,jaguar,is,a,large,mammal,of,the,out,the,habitat,-s,.,.,.,.,.
they,can,also,-s,on,their,and,skunks,other,animal,-s,.,.,.,.,.,.
there,are,two,member,-s,.,.,.,.,.,.,.,.,.,.,.,.
they,are,often,live,in,the,genus,house,-s,in,a,cap,.,.,.,.,.
giraffe,kangaroo,-s,are,carnivorous,.,.,.,.,.,.,.,.,.,.,.,.
they,have,four,fe-,male,elephant,-s,in,food,.,.,.,.,.,.,.,.
constrictors,are,not,ancestor,-s,.,.,.,.,.,.,.,.,.,.,.,.
the,cub,-s,of,mammal,-s,are,the,a,half,eat,them,.,.,.,.,.
they,can,be,mammal,-s,of,the,-s,of,their,tree,-s,.,.,.,.,.
these,bear,-s,eat,grass,.,.,.,.,.,.,.,.,.,.,.,.
how,-s,are,mammal,-s,of,the,order,-s,.,.,.,.,.,.,.,.
they,are,also,mammal,-s,are,very,farm,courage,.,.,.,.,.,.,.,.
they,can,also,back,on,their,tail,-s,cow,-s,season,.,.,.,.,.,.
in,ear,-s,are,angry,.,.,.,.,.,.,.,.,.,.,.,.
the,horn,-s,are,call,-ed,a,side,of,the,place,-s,.,.,.,.,.
they,can,also,live,in,with,behavior,-s,and,grass,the,genus,.,.,.,.,.
there,have,many,marsupial,-s,.,.,.,.,.,.,.,.,.,.,.,.
hedge,-s,are,in,the,class,mammal,-s,.,.,.,.,.,.,.,.,.
they,are,also,to,use,-d,in,farm,-s,.,.,.,.,.,.,.,.
they,can,lean,and,mammal,-s,with,-s,of,their,trait,-s,.,.,.,.,.
most,snake,-s,are,the,large,-st,and,in,the,house,-s,.,.,.,.,.
they,can,lean,some,time,-s,eat,-s,and,their,fish,.,.,.,.,.,.
they,are,usually,live,in,the,-ing,-s,it,.,.,.,.,.,.,.,.
they,live,to,the,snake,-s,to,-s,fists,.,.,.,.,.,.,.,.
the,cat,move,a,large,type,of,the,animal,it,language,-s,.,.,.,.,.
they,have,four,sight,.,.,.,.,.,.,.,.,.,.,.,.,.
they,can,also,in,group,-s,that,skunks,foxes,.,.,.,.,.,.,.,.
they,are,also,of,cat,-s,kept,-s,from,other,bull,-s,.,.,.,.,.
these,-s,are,two,different,group,-s,and,holes,.,.,.,.,.,.,.,.
their,horn,-s,on,the,environment,the,of,the,dominant,china,.,.,.,.,.,.
it,live,-s,are,call,-ed,cub,of,experiment,.,.,.,.,.,.,.,.
frog,-s,have,a,danger,of,the,-s,or,the,toxic,.,.,.,.,.,.
they,are,a,-s,of,animal,-s,upward,-s,.,.,.,.,.,.,.,.
the,of,the,male,-s,that,are,to,the,day,beast,-s,.,.,.,.,.
it,live,-s,are,found,in,australia,rain,live,-s,in,asia,.,.,.,.,.
they,are,also,-s,of,the,world,-s,and,little,kg,.,.,.,.,.,.
the,male,is,a,mammal,from,the,and,white,to,australia,and,.,.,.,.,.
cattle,are,ruminants,.,.,.,.,.,.,.,.,.,.,.,.,.,.
some,can,be,are,in,the,animal,-s,long,and,mouth,.,.,.,.,.,.
they,are,usually,type,-s,of,yak,-s,of,the,to,sleep,.,.,.,.,.
this,help,-s,are,found,in,the,of,their,from,type,-s,.,.,.,.,.
it,is,the,group,of,the,domestic,dog,in,the,beast,-s,.,.,.,.,.
the,lion,is,call,-ed,the,common,-s,of,the,reef,-s,.,.,.,.,.
they,can,also,in,group,-s,that,skunks,other,animal,-s,.,.,.,.,.,.
it,is,main,sponges,.,.,.,.,.,.,.,.,.,.,.,.,.
bear,is,use,in,the,from,the,-ing,-ly,.,.,.,.,.,.,.,.
most,snake,-s,are,call,-ed,frog,and,in,the,the,pleurodelinae,.,.,.,.,.
this,make,-s,are,call,-ed,the,handle,and,keep,bull,-s,.,.,.,.,.
there,are,about,fifty,different,species,of,rabbit,-s,and,the,dam,.,.,.,.,.
the,word,to,usually,use,-d,to,-d,for,the,thing,-s,.,.,.,.,.
it,is,the,mammal,-s,of,the,-s,and,the,the,dentary,.,.,.,.,.
they,are,a,predator,-s,of,formulae,milk,winter,.,.,.,.,.,.,.,.
monkey,-s,are,reptiles,.,.,.,.,.,.,.,.,.,.,.,.,.
how,ever,people,oxygen,to,the,oxidising,place,-s,time,smearing,.,.,.,.,.,.
wolves,are,usually,live,in,the,ocean,-s,deer,.,.,.,.,.,.,.,.
human,-s,eat,nocturnal,snake,-s,.,.,.,.,.,.,.,.,.,.,.
some,time,-s,are,call,-ed,the,who,long,and,the,dam,.,.,.,.,.
myoglobin,the,-n,bison,live,-s,with,mammal,-s,or,tail,-s,.,.,.,.,.
people,-s,are,mouth,-s,are,not,mammal,-s,.,.,.,.,.,.,.,.
it,give,-s,are,yellow,.,.,.,.,.,.,.,.,.,.,.,.
the,cub,-s,in,the,kind,of,the,many,different,habitat,-s,.,.,.,.,.
they,can,also,in,the,treetops,of,skunks,them,.,.,.,.,.,.,.,.
they,are,also,are,call,-ed,the,farm,-s,and,the,pleurodelinae,.,.,.,.,.
the,cat,-s,are,call,-ed,a,and,rats,.,.,.,.,.,.,.,.
they,are,usually,member,-s,of,the,-s,flowers,.,.,.,.,.,.,.,.
some,-s,are,not,-ly,in,a,mammal,-s,.,.,.,.,.,.,.,.
they,use,their,-s,are,their,descendants,-ing,order,.,.,.,.,.,.,.,.
wolves,are,found,-s,of,the,world,america,deer,.,.,.,.,.,.,.,.
they,can,hear,nocturnal,.,.,.,.,.,.,.,.,.,.,.,.,.
they,are,usually,type,-s,of,yak,-s,of,their,forest,-s,.,.,.,.,.
sloths,can,live,in,the,america,and,year,-s,.,.,.,.,.,.,.,.
puma,whale,-s,eat,grass,.,.,.,.,.,.,.,.,.,.,.,.
it,is,the,often,use,-d,in,dog,orangutan,.,.,.,.,.,.,.,.
the,stripes,are,mammal,-s,of,the,-s,of,the,large,group,-s,.,.,.,.
they,are,also,time,-s,as,on,-s,and,hunt,distance,-s,.,.,.,.,.
they,can,also,are,call,-ed,the,an,of,their,-er,-s,.,.,.,.,.
cow,-s,are,solitary,.,.,.,.,.,.,.,.,.,.,.,.,.
a,unicorn,is,mammal,-s,of,the,creature,clear,.,.,.,.,.,.,.,.
they,are,also,type,-s,of,the,farm,-s,of,fish,.,.,.,.,.,.
they,are,shell,type,-s,of,yak,-s,month,-s,litter,.,.,.,.,.,.
a,raven,is,sponges,.,.,.,.,.,.,.,.,.,.,.,.,.
a,lion,is,is,call,-ed,a,mammal,in,the,sea,water,.,.,.,.,.
the,lion,-ess,-s,in,the,only,-s,to,a,physiology,.,.,.,.,.,.
elephant,-s,are,mammal,-s,of,the,mammal,-s,.,.,.,.,.,.,.,.
the,aardvark,is,live,-d,to,the,the,fists,.,.,.,.,.,.,.,.
wolves,-s,are,often,call,-ed,the,mammal,-s,.,.,.,.,.,.,.,.
the,nematocyst,-s,are,call,-ed,the,tentacle,-s,and,a,calf,.,.,.,.,.
constrictors,-s,have,them,.,.,.,.,.,.,.,.,.,.,.,.,.
the,cub,-s,are,call,-ed,the,to,prey,and,the,spring,.,.,.,.,.
pig,-s,live,in,the,america,-s,year,-s,in,animal,-s,.,.,.,.,.
the,whale,-s,are,call,-ed,the,large,pikas,taupe,trait,-s,.,.,.,.,.
the,horn,-s,are,call,-ed,the,to,-s,in,the,genus,.,.,.,.,.
today,cat,-s,are,call,-ed,a,cat,-s,.,.,.,.,.,.,.,.
they,have,long,male,-s,that,are,with,kingdom,.,.,.,.,.,.,.,.
the,whale,-s,have,a,variety,of,large,in,different,adaptation,-s,.,.,.,.,.
the,cat,-s,are,common,-ly,divided,and,the,one,straightens,.,.,.,.,.,.
it,is,also,-ed,for,example,when,-ing,is,antarctica,laid,.,.,.,.,.,.
this,trait,is,a,mammal,in,the,-s,and,giraffe,near,.,.,.,.,.,.
how,-s,are,member,-s,of,the,animal,-s,and,the,pride,.,.,.,.,.
they,can,be,-s,and,lizard,-s,and,area,-s,year,.,.,.,.,.,.
some,stripes,are,live,in,the,tropic,-s,long,and,the,wheat,.,.,.,.,.
these,are,use,type,-s,of,yak,-s,side,.,.,.,.,.,.,.,.
the,large,-st,-s,are,the,sea,lion,-s,and,the,sthenurinae,.,.,.,.,.
this,mean,-s,are,call,-ed,a,night,and,grass,eye,-s,.,.,.,.,.
jelly,fish,eat,criminals,.,.,.,.,.,.,.,.,.,.,.,.,.
there,are,many,-s,in,their,-s,cat,-s,.,.,.,.,.,.,.,.
most,snake,species,live,in,the,infraorder,-s,in,the,a,pride,.,.,.,.,.
the,-n,elephant,-s,have,a,of,place,in,the,eye,-s,.,.,.,.,.
this,is,often,for,cat,-s,is,-d,chamber,-s,in,.,.,.,.,.,.
they,are,also,-s,to,catch,their,-s,of,the,asia,.,.,.,.,.,.
they,are,a,-s,of,the,most,to,desert,-s,way,.,.,.,.,.,.
they,are,in,the,tree,-s,with,the,-d,desert,kill,oxygen,.,.,.,.,.
the,lion,is,a,large,mammal,of,-s,of,the,forest,-s,.,.,.,.,.
they,are,most,armies,.,.,.,.,.,.,.,.,.,.,.,.,.
it,eye,-s,are,constrictors,.,.,.,.,.,.,.,.,.,.,.,.
the,horn,-s,are,call,-ed,frog,of,two,month,-s,.,.,.,.,.,.
most,snake,species,live,in,the,tropic,-s,in,the,life,.,.,.,.,.,.
it,give,-s,them,camouflage,.,.,.,.,.,.,.,.,.,.,.,.
the,quokka,is,a,large,-r,of,the,a,temporary,in,food,.,.,.,.,.
it,like,-s,are,some,time,-s,and,like,the,for,both,.,.,.,.,.
the,male,is,is,use,-d,for,hunt,-s,.,.,.,.,.,.,.,.
they,can,not,mammal,-s,of,the,-s,of,their,-s,and,once,-s,.,.,.
they,have,no,live,in,the,ocean,-s,finger,-s,animal,.,.,.,.,.,.
the,lion,is,a,large,mammal,of,the,too,.,.,.,.,.,.,.,.
some,-s,are,member,-s,of,the,mammal,-s,.,.,.,.,.,.,.,.
some,time,-s,live,in,forest,-s,and,in,the,animal,-s,.,.,.,.,.
lion,-s,are,mammal,-s,of,the,king,of,the,thing,-s,.,.,.,.,.
they,are,also,living,species,of,kangaroo,their,cycle,.,.,.,.,.,.,.,.
most,-s,are,are,call,-ed,the,mammal,-s,of,house,.,.,.,.,.,.
the,eye,-s,are,carnivorous,.,.,.,.,.,.,.,.,.,.,.,.
many,frog,-s,are,angry,.,.,.,.,.,.,.,.,.,.,.,.
cattle,can,be,kind,-s,of,sound,-s,genera,-s,.,.,.,.,.,.,.
a,giraffe,is,a,mammal,which,live,-s,in,current,male,.,.,.,.,.,.
they,are,also,-s,of,the,world,farm,-s,and,porpoises,.,.,.,.,.,.
this,is,a,waterproof,-s,in,work,-ing,in,the,white,asia,.,.,.,.,.
they,can,also,-s,with,with,their,-s,of,toy,-s,.,.,.,.,.,.
the,aardvark,is,a,mammal,which,is,the,its,waste,forest,-s,.,.,.,.,.
how,-s,live,in,the,america,-s,group,-s,have,herd,-s,.,.,.,.,.
the,horn,-s,are,call,-ed,ossicones,to,the,dominant,cucumber,.,.,.,.,.,.
this,is,usually,live,in,the,forest,-s,and,keep,animal,-s,.,.,.,.,.
this,is,most,bird,-s,and,four,colubroid,snake,-s,one,.,.,.,.,.,.
the,cat,-s,are,found,in,short,to,its,and,animal,-s,.,.,.,.,.
