Pos-1,Pos-2,Pos-3,Pos-4,Pos-5,Pos-6,Pos-7,Pos-8,Pos-9,Pos-10,Pos-11,Pos-12,Pos-13,Pos-14,Pos-15,Pos-16,Pos-17
the,aardvark,is,a,mammal,from,africa,.,.,.,.,.,.,.,.,.,.
it,is,the,only,living,member,in,its,order,.,.,.,.,.,.,.,.
though,some,fossil,genera,have,been,found,.,.,.,.,.,.,.,.,.,.
the,aardvark,look,-s,a,bit,like,the,south,america,-n,anteater,.,.,.,.,.
but,they,are,not,related,.,.,.,.,.,.,.,.,.,.,.,.
it,is,in,a,propose,-d,clade,with,the,golden,moles,.,.,.,.,.,.
another,proposal,is,to,put,it,in,the,pseudungulata,with,the,elephant,-s,.,.,.,.
adult,aardvark,-s,weigh,about,six,-ty,kilograms,.,.,.,.,.,.,.,.,.
adult,-s,are,a,little,more,than,one,meter,long,.,.,.,.,.,.,.
it,is,the,large,-st,member,of,this,clade,.,.,.,.,.,.,.,.
the,aardvark,is,pale,yellowish,gray,in,color,.,.,.,.,.,.,.,.,.
it,is,often,stained,reddish,brown,by,soil,.,.,.,.,.,.,.,.,.
the,aardvark,-s,fur,is,thin,.,.,.,.,.,.,.,.,.,.,.
its,hair,is,short,on,its,head,and,tail,.,.,.,.,.,.,.,.
aardvark,-s,are,found,in,sub,saharan,africa,.,.,.,.,.,.,.,.,.
they,are,found,in,al-,most,ever,-y,country,in,sub,saharan,africa,.,.,.,.
aardvark,-s,most,-ly,eat,termite,-s,.,.,.,.,.,.,.,.,.,.
they,have,a,long,sticky,tongue,.,.,.,.,.,.,.,.,.,.,.
this,make,-s,it,easy,to,pick,up,many,termite,-s,at,once,.,.,.,.
the,only,fruit,that,aardvark,-s,eat,is,the,aardvark,cucumber,.,.,.,.,.,.
aardvark,-s,are,nocturnal,.,.,.,.,.,.,.,.,.,.,.,.,.
this,mean,-s,they,are,awake,at,night,and,a-,sleep,during,the,day,.,.,.
the,aardvark,is,a,good,swimmer,.,.,.,.,.,.,.,.,.,.,.
it,can,dig,a,tunnel,that,is,one,yard,in,about,five,minutes,.,.,.,.
aardvark,-s,live,for,up,to,twenty,three,year,-s,in,captivity,.,.,.,.,.
it,has,many,predator,-s,such,as,hyenas,and,python,-s,.,.,.,.,.,.
some,human,-s,also,hunt,aardvark,-s,for,meat,.,.,.,.,.,.,.,.
aardvark,-s,can,dig,fast,or,run,in,a,zigzag,to,confuse,predator,-s,.,.,.
aardvark,-s,only,come,together,to,breed,.,.,.,.,.,.,.,.,.,.
the,gestation,period,is,seven,month,-s,.,.,.,.,.,.,.,.,.,.
they,give,birth,to,one,cub,which,is,what,a,baby,aardvark,is,call,-ed,.,.
after,two,weeks,it,is,able,to,leave,the,burrow,to,follow,its,mother,.,.,.
after,nine,weeks,it,is,able,to,eat,termite,.,.,.,.,.,.,.,.
it,is,weaned,between,three,month,-s,and,sixteen,weeks,.,.,.,.,.,.,.
at,six,month,-s,it,is,able,to,dig,its,own,burrow,-s,.,.,.,.
it,will,often,stay,with,the,mother,until,the,next,mating,season,.,.,.,.,.
an,armadillo,is,in,the,cingulata,an,order,of,new,world,placenta,-l,mammal,-s,.,.
the,living,one,-s,have,a,leather,-y,armored,shell,.,.,.,.,.,.,.
there,are,about,ten,living,genera,.,.,.,.,.,.,.,.,.,.,.
there,are,about,twenty,species,of,armadillo,.,.,.,.,.,.,.,.,.,.
their,average,length,is,about,seven,-ty,five,centi,meter,-s,including,the,tail,.,.,.
the,giant,armadillo,grow,-s,up,to,one,hundred,cm,and,weigh,thirty,kg,.,.,.
all,species,live,in,the,america,-s,.,.,.,.,.,.,.,.,.,.
armadillo,-s,species,are,most,-ly,found,in,south,and,central,america,.,.,.,.,.
be-,cause,they,are,al-,ways,genetic,-ally,identical,clones,the,group,of,four,young,.,.
this,is,a,good,subject,for,scientific,behaviour,-al,or,medical,tests,.,.,.,.,.
they,provide,the,same,biological,and,genetic,makeup,and,the,-n,get,different,treatment,.,.,.
this,is,the,only,regular,case,of,polyembryony,in,the,class,mammal,-ia,.,.,.,.
one,fertilised,egg,split,-s,into,four,embryos,.,.,.,.,.,.,.,.,.
it,doe,-s,not,happen,in,all,armadillo,-s,.,.,.,.,.,.,.,.
bear,-s,are,a,group,of,large,mammal,-s,.,.,.,.,.,.,.,.
they,are,found,all,over,the,world,in,many,different,habitat,-s,.,.,.,.,.
they,form,the,family,ursidae,in,the,sub,order,caniformia,of,the,order,carnivora,.,.,.
bear,-s,usually,have,a,big,body,with,short,and,thick,legs,.,.,.,.,.
they,have,a,broad,head,and,a,very,short,tail,.,.,.,.,.,.,.
they,have,small,eye,-s,and,round,ear,-s,.,.,.,.,.,.,.,.
they,usually,have,long,-er,shaggy,fur,.,.,.,.,.,.,.,.,.,.
on,each,foot,they,have,five,claws,which,they,can,not,pull,back,.,.,.,.
they,use,their,claws,for,digging,climb,-ing,and,hunt,-ing,.,.,.,.,.,.
they,can,stand,up,on,their,back,legs,and,their,front,paw,-s,are,flexible,.,.
usually,bear,-s,can,climb,and,swim,very,well,.,.,.,.,.,.,.,.
male,-s,are,usually,bigger,than,fe-,male,-s,.,.,.,.,.,.,.,.
most,bear,-s,except,the,giant,panda,are,only,one,color,.,.,.,.,.,.
bear,-s,do,not,have,good,hear,-ing,.,.,.,.,.,.,.,.,.
they,have,power,-ful,sense,-s,of,smell,and,sight,.,.,.,.,.,.,.
they,have,good,sight,.,.,.,.,.,.,.,.,.,.,.,.,.
they,can,see,color,-s,which,is,different,from,other,carnivores,.,.,.,.,.,.
bear,-s,most,-ly,use,their,sense,of,smell,to,know,what,is,a-,round,them,.
they,can,smell,better,than,dog,-s,.,.,.,.,.,.,.,.,.,.
they,are,most,-ly,active,at,night,except,for,the,polar,bear,.,.,.,.,.
bear,-s,are,usually,omnivorous,.,.,.,.,.,.,.,.,.,.,.,.
this,mean,-s,that,they,eat,plant,-s,and,meat,.,.,.,.,.,.,.
they,eat,berries,grass,and,fish,.,.,.,.,.,.,.,.,.,.,.
bear,-s,usually,live,alone,.,.,.,.,.,.,.,.,.,.,.,.
the,fat,her,doe,-s,not,raise,the,cub,-s,.,.,.,.,.,.,.
the,mother,raise,-s,the,cub,-s,for,month,-s,.,.,.,.,.,.,.
bear,-s,live,all,over,the,world,most,-ly,in,the,north,-ern,hemisphere,.,.,.
they,are,found,in,north,america,south,america,europe,and,asia,.,.,.,.,.,.
bison,-s,are,large,even,toed,ungulate,-s,.,.,.,.,.,.,.,.,.
they,are,bovine,-s,and,are,similar,to,cow,-s,.,.,.,.,.,.,.
bison,live,in,the,north,-ern,part,of,the,world,.,.,.,.,.,.,.
the,america,-n,bison,live,-s,in,north,america,.,.,.,.,.,.,.,.
they,once,wander,-ed,a-,round,the,prairies,in,huge,herd,-s,.,.,.,.,.
the,wisent,live,-s,in,europe,.,.,.,.,.,.,.,.,.,.,.
the,america,-n,bison,is,the,biggest,mammal,in,north,america,.,.,.,.,.,.
there,use,-d,to,be,as,many,as,thirty,million,bison,in,the,unit,-ed,state,-s
they,live,to,be,about,twenty,year,-s,old,.,.,.,.,.,.,.,.
they,first,she,-d,their,light,-ly,color,-ed,hair,.,.,.,.,.,.,.
their,horn,-s,grow,at,two,to,three,year,-s,of,age,.,.,.,.,.
but,male,-s,keep,grow,-ing,slow,-ly,until,seven,year,-s,.,.,.,.,.
adult,bull,-s,are,very,dominant,in,mating,season,.,.,.,.,.,.,.,.
cat,-s,also,call,-ed,domestic,cat,-s,are,small,carnivorous,mammal,-s,of,the,family,felidae
cat,-s,have,been,domesticated,for,near,-ly,ten,thousand,year,-s,.,.,.,.,.
domestic,cat,-s,may,be,call,-ed,house,cat,-s,when,kept,as,indoor,pet,-s,.
they,are,one,of,the,most,popular,pet,-s,in,the,world,.,.,.,.,.
human,-s,keep,them,for,hunt,-ing,mice,and,rats,and,as,friends,.,.,.,.
there,are,also,farm,cat,-s,which,keep,mice,and,rats,a-,way,.,.,.,.
there,are,about,nine,-ty,two,breed,-s,of,cat,.,.,.,.,.,.,.
domestic,cat,-s,are,found,in,short,hair,long,hair,and,hair,less,breed,-s,.,.
in,the,past,most,-ly,in,egypt,people,kept,cat,-s,.,.,.,.,.,.
the,cat,-s,hunt,and,eat,mice,and,rats,.,.,.,.,.,.,.,.
the,oldest,evidence,of,cat,-s,kept,as,pet,-s,is,from,the,island,of,cyprus,.
today,people,often,keep,cat,-s,as,pet,-s,.,.,.,.,.,.,.,.
there,are,also,domestic,cat,-s,which,live,with,out,being,care,-d,for,by,people,.
these,cat,-s,are,call,-ed,feral,cat,-s,or,stray,cat,-s,.,.,.,.
cat,-s,have,anatomy,similar,to,the,other,member,-s,of,the,genus,felis,.,.,.
the,genus,has,extra,lumbar,and,thoracic,vertebrae,.,.,.,.,.,.,.,.,.
this,help,-s,explain,why,cat,-s,are,very,flexible,.,.,.,.,.,.,.
cat,-s,walk,very,precisely,.,.,.,.,.,.,.,.,.,.,.,.
un-,like,most,mammal,-s,when,cat,-s,walk,they,use,a,pacing,gait,.,.,.
this,trait,is,share,-d,with,camel,-s,and,giraffe,-s,.,.,.,.,.,.
this,is,similar,to,that,of,most,other,mammal,-s,.,.,.,.,.,.,.
this,special,feature,on,the,in-,side,of,the,wrists,is,the,carp,-al,pad,.,.
al-,though,cat,-s,can,have,many,different,colour,-ing,-s,.,.,.,.,.,.
genetic,-ally,they,can,only,have,two,coat,colour,-s,orange,and,black,.,.,.,.
the,gene,for,colour,-ing,is,in,the,x,chromosome,.,.,.,.,.,.,.
as,fe-,male,-s,have,two,x,chromosome,-s,they,can,have,two,or,more,colour,-s
cat,-s,are,active,carnivores,mean,-ing,that,in,the,wild,they,hunt,live,animal,-s,.
they,most,-ly,hunt,small,mammal,-s,.,.,.,.,.,.,.,.,.,.
they,will,also,some,time,-s,hunt,bird,-s,.,.,.,.,.,.,.,.
cat,-s,eat,a,wide,variety,of,animal,-s,including,insects,.,.,.,.,.,.
the,basic,cat,coat,colour,-ing,tabby,.,.,.,.,.,.,.,.,.,.
it,make,-s,it,easy,for,the,cat,to,hide,in,grass,and,wood,land,.,.
the,cat,move,-s,silently,toward,-s,the,animal,it,wants,to,hunt,.,.,.,.
when,it,is,close,enough,it,run,-s,toward,-s,the,animal,it,is,hunt,-ing,.
it,the,-n,tries,to,jump,on,it,.,.,.,.,.,.,.,.,.
cat,-s,can,catch,fish,.,.,.,.,.,.,.,.,.,.,.,.
they,try,to,flip,the,fish,out,of,the,water,using,their,front,paw,.,.,.
cat,-s,are,quiet,and,well,behaved,animal,-s,making,them,popular,pet,-s,.,.,.
young,kit,ten,-s,are,play,-ful,.,.,.,.,.,.,.,.,.,.
they,can,easily,entertain,themselves,with,a,variety,of,toy,-s,.,.,.,.,.,.
cat,-s,are,independent,animal,-s,.,.,.,.,.,.,.,.,.,.,.
cat,-s,use,many,different,sound,-s,for,communication,.,.,.,.,.,.,.,.
these,include,meowing,purr,-ing,trilling,and,hiss,-ing,.,.,.,.,.,.,.,.
body,posture,is,also,use,-d,to,communicate,.,.,.,.,.,.,.,.,.
the,position,of,their,ear,-s,and,tail,are,especially,important,in,communication,.,.,.,.
a,raise,-d,tail,is,usually,friendly,.,.,.,.,.,.,.,.,.,.
flattened,ear,-s,are,angry,.,.,.,.,.,.,.,.,.,.,.,.
cat,-s,only,mate,when,the,fe-,male,cat,is,in,heat,.,.,.,.,.
heat,period,-s,happen,about,ever,-y,two,weeks,and,last,four,to,six,day,-s,.
several,male,cat,-s,may,be,attract,-ed,to,a,fe-,male,cat,in,heat,.,.
the,male,-s,will,fight,over,her,and,the,winner,win,-s,the,right,to,mate,.
if,a,male,attempts,to,breed,with,her,at,this,point,the,fe-,male,will,attack,him
a,fe-,male,cat,may,mate,with,more,than,one,cat,when,she,is,in,heat,.
and,different,kit,ten,-s,in,a,litter,may,have,different,fat,her,-s,.,.,.
the,gestation,period,for,cat,-s,is,about,two,month,-s,.,.,.,.,.,.
the,size,of,a,litter,is,usually,three,to,five,kit,ten,-s,.,.,.,.
pregnant,fe-,male,-s,deliver,their,litter,-s,by,themselves,guided,by,instinct,.,.,.,.
the,queen,find,-s,the,safe,-st,place,she,can,.,.,.,.,.,.,.
the,-n,she,will,clean,it,thoroughly,with,her,tongue,if,necessary,.,.,.,.,.
her,-e,she,will,quiet,-ly,give,birth,.,.,.,.,.,.,.,.,.
she,licks,the,new,born,kit,-s,clean,.,.,.,.,.,.,.,.,.
in,the,wild,leaving,a,scent,is,risk,-y,.,.,.,.,.,.,.,.
it,can,cause,a,danger,-ous,encounter,with,other,animal,-s,.,.,.,.,.,.
the,kit,-s,are,born,blind,and,with,close,-d,eye,-s,.,.,.,.,.
they,suckle,on,her,teat,-s,and,sleep,a,good,deal,.,.,.,.,.,.
after,two,weeks,or,so,their,eye,-s,open,.,.,.,.,.,.,.,.
at,that,stage,they,have,blue,eye,-s,but,not,the,best,sight,.,.,.,.
a,bit,late,-r,the,best,develop,-ed,kit,will,totter,out,of,the,nest,.,.
the,other,-s,follow,.,.,.,.,.,.,.,.,.,.,.,.,.
they,will,soon,recognize,you,as,a,living,thing,.,.,.,.,.,.,.,.
at,first,they,go,back,to,the,nest,to,feed,and,sleep,.,.,.,.,.
kit,ten,-s,play,endlessly,.,.,.,.,.,.,.,.,.,.,.,.
it,is,how,they,do,their,learn,-ing,.,.,.,.,.,.,.,.,.
they,will,play,their,favourite,game,-s,such,as,hide,and,pounce,.,.,.,.,.
soft,ball,-s,on,strings,are,a,standard,toy,.,.,.,.,.,.,.,.
with,cat,-s,there,is,a,limit,to,how,far,you,can,train,them,.,.,.
they,are,at,least,as,intelligent,as,dog,-s,but,they,are,not,pack,animal,-s,.
cat,-s,are,very,clean,animal,-s,.,.,.,.,.,.,.,.,.,.
they,groom,themselves,by,licking,their,fur,.,.,.,.,.,.,.,.,.,.
the,cat,-s,tongue,can,act,as,a,hair,brush,.,.,.,.,.,.,.
it,can,clean,and,untangle,a,cat,-s,fur,.,.,.,.,.,.,.,.
owner,-s,may,buy,groom,-ing,product,-s,to,help,the,cat,care,for,itself,.,.
after,licking,their,fur,cat,-s,some,time,-s,get,hair,ball,-s,.,.,.,.
a,hair,ball,is,a,small,amount,of,fur,.,.,.,.,.,.,.,.
it,is,vomited,up,by,animal,-s,when,it,be-,come,-s,too,big,.,.,.
owner,-s,brush,their,cat,-s,to,try,to,prevent,a,lot,of,hair,ball,-s,.
cat,-s,have,four,toes,on,their,back,feet,while,their,front,feet,have,five,.,.
many,house,cat,-s,eat,food,which,their,owner,-s,give,them,.,.,.,.,.
this,food,is,designed,to,contain,the,proper,nutrients,for,cat,-s,.,.,.,.,.
there,are,many,different,type,-s,of,cat,food,.,.,.,.,.,.,.,.
there,is,moist,canned,food,and,also,dry,cat,food,.,.,.,.,.,.,.
these,come,in,different,size,-d,can,-s,or,bag,-s,and,formulas,.,.,.,.
there,are,all,kind,-s,of,formulae,.,.,.,.,.,.,.,.,.,.
it,seem,-s,obvious,that,the,food,should,be,most,-ly,meat,.,.,.,.,.
that,is,most,of,a,cat,-s,natural,diet,.,.,.,.,.,.,.,.
when,they,catch,mice,they,also,eat,the,bone,-s,.,.,.,.,.,.,.
cat,-s,should,not,be,fed,a,daily,diet,of,dog,food,.,.,.,.,.
in,two,thousand,and,twenty,three,pet,cat,-s,live,-d,for,on,average,thirteen,year,-s
cat,-s,that,roam,out,side,will,get,fleas,at,some,time,.,.,.,.,.
cat,fleas,will,not,live,on,people,.,.,.,.,.,.,.,.,.,.
but,fleas,will,not,hesitate,to,bit,-e,any,one,nearby,.,.,.,.,.,.
cat,-s,kept,indoor,-s,most,of,the,time,are,kept,from,danger,from,the,out,side
house,cat,-s,can,be-,come,over,weight,through,lack,of,exercise,and,over,feed,-ing,.
when,they,get,spayed,or,neutered,they,ten,-d,to,exercise,less,.,.,.,.,.
if,a,male,cat,is,not,neutered,it,develop,-s,a,disgusting,smell,.,.,.,.
kit,ten,-s,are,some,time,-s,born,with,unusual,trait,-s,.,.,.,.,.
some,are,serious,problems,.,.,.,.,.,.,.,.,.,.,.,.,.
many,of,these,are,similar,to,human,genetic,dis-,order,-s,.,.,.,.,.,.
other,-s,are,harmless,like,polydactyly,.,.,.,.,.,.,.,.,.,.,.
most,cat,-s,have,only,four,to,five,toes,on,each,paw,.,.,.,.,.
polydactyl,cat,-s,have,six,seven,or,some,time,-s,even,more,.,.,.,.,.
cattle,is,a,word,for,certain,mammal,-s,that,be-,long,to,the,genus,bos,.,.
cattle,may,be,cow,-s,bull,-s,oxen,or,calves,.,.,.,.,.,.,.
cattle,are,the,most,common,type,of,large,domesticated,hoofed,animal,-s,.,.,.,.,.
cattle,are,large,grazing,animal,-s,with,two,toed,or,cloven,hooves,.,.,.,.,.
they,have,four,chamber,-ed,stomach,.,.,.,.,.,.,.,.,.,.,.
this,stomach,is,an,adaptation,to,help,digest,tough,grass,-es,.,.,.,.,.,.
cattle,can,be,horn,-ed,or,horn,less,depend,-ing,on,the,breed,.,.,.,.
the,horn,-s,come,out,on,either,side,of,the,head,above,the,ear,-s,.,.
they,are,a,simple,shape,usually,curved,upward,-s,.,.,.,.,.,.,.,.
cattle,usually,stay,together,in,group,-s,call,-ed,herd,-s,.,.,.,.,.,.
the,cow,-s,usually,give,birth,to,one,calf,a,year,.,.,.,.,.,.
though,twin,-s,are,also,know,-n,to,be,born,.,.,.,.,.,.,.
cattle,have,been,domesticated,for,about,nine,thousand,year,-s,.,.,.,.,.,.,.
the,word,cattle,is,use,-d,for,some,wild,animal,-s,as,well,as,for,domesticated,cattle
an,intact,male,bovine,is,call,-ed,a,bull,.,.,.,.,.,.,.,.
a,young,male,bovine,is,call,-ed,a,bullock,.,.,.,.,.,.,.,.
a,young,bovine,between,birth,and,weaning,is,call,-ed,a,calf,.,.,.,.,.
two,or,more,of,these,young,bovine,-s,are,calves,.,.,.,.,.,.,.
a,fe-,male,that,has,never,had,a,calf,is,call,-ed,a,heifer,.,.,.
hence,most,male,cattle,are,use,-d,for,meat,.,.,.,.,.,.,.,.
they,are,castrated,by,re-,moving,the,testicles,.,.,.,.,.,.,.,.,.
this,prevent,them,from,being,able,to,breed,other,cow,-s,and,heifer,-s,.,.,.
this,also,take,-s,a-,way,the,male,characteristic,-s,that,are,common,with,bull,-s,.
a,male,that,has,been,castrated,before,reach,-ing,puberty,is,call,-ed,a,steer,.,.
an,ox,is,a,male,bovine,that,has,been,castrated,after,puberty,.,.,.,.,.
ox,is,train,-ed,and,use,-d,for,draft,purpose,-s,.,.,.,.,.,.
the,only,continent,they,are,not,found,on,is,antarctica,.,.,.,.,.,.,.
different,type,-s,and,breed,-s,of,cattle,are,suited,to,different,environment,-s,.,.,.
their,large,wide,hooves,are,good,in,both,wet,area,-s,and,dry,grass,land,.,.
their,hair,-y,coat,grow,-s,much,long,-er,in,the,winter,.,.,.,.,.
the,coat,has,an,extra,fluffy,lay,-er,to,hold,in,warm,-th,.,.,.,.
most,cattle,do,not,have,sweat,glands,in,their,skin,.,.,.,.,.,.,.
but,their,wet,nose,is,a,useful,cool,-ing,system,.,.,.,.,.,.,.
cattle,can,make,a,range,of,noise,-s,.,.,.,.,.,.,.,.,.
the,noise,range,-s,from,a,gentle,moo,to,a,low,grow,-l,.,.,.,.
the,noise,is,a,warning,or,to,attract,fe-,male,-s,especially,among,bull,-s,.,.
when,they,are,angry,or,upset,they,can,bellow,or,bawl,quite,loud,-ly,.,.,.
cattle,are,herbivorous,mean,-ing,that,they,are,plant,eating,animal,-s,.,.,.,.,.
eating,grass,is,call,-ed,grazing,.,.,.,.,.,.,.,.,.,.,.
they,have,very,strong,tongue,-s,and,strong,low,-er,front,teeth,that,help,them,to,graze
un-,like,a,horse,cattle,do,not,have,any,upper,front,teeth,.,.,.,.,.
a,cow,often,swallow,-s,grass,whole,.,.,.,.,.,.,.,.,.,.
they,re-,chew,it,with,their,very,large,back,teeth,to,break,it,down,further,.,.
this,is,call,-ed,chew,-ing,the,cud,.,.,.,.,.,.,.,.,.
other,ruminants,like,deer,sheep,and,goat,-s,also,do,this,.,.,.,.,.,.
horse,-s,do,not,ruminate,.,.,.,.,.,.,.,.,.,.,.,.
cattle,are,ruminants,.,.,.,.,.,.,.,.,.,.,.,.,.,.
this,mean,they,have,a,stomach,with,several,chamber,-s,.,.,.,.,.,.,.
this,help,-s,digest,their,food,more,efficiently,.,.,.,.,.,.,.,.,.
a,cow,-s,stomach,has,four,chamber,-s,call,-ed,the,reticulum,rumen,omasum,and,ab-,omasum
the,reticulum,is,know,-n,as,the,hardware,stomach,.,.,.,.,.,.,.,.
it,is,main,-ly,use,-d,as,a,storage,area,for,hard,thing,-s,.,.,.
the,rumen,is,the,large,-st,chamber,in,a,ruminants,stomach,.,.,.,.,.,.
in,cattle,it,can,hold,up,to,fifty,gallons,feed,.,.,.,.,.,.,.
it,is,the,chamber,where,fermentation,take,-s,place,.,.,.,.,.,.,.,.
it,break,-s,down,the,grass,that,the,cow,has,eat,-en,.,.,.,.,.
the,omasum,also,know,-n,as,many,piles,is,a,compartment,.,.,.,.,.,.
it,squeeze,-s,or,absorbs,all,the,water,accumulated,from,the,digest,-ion,in,the,rumen,.
cow,-s,have,breasts,call,-ed,udder,-s,.,.,.,.,.,.,.,.,.
the,udder,is,divided,into,four,part,-s,or,quarters,each,with,a,large,teat,.,.
the,calf,is,able,to,grasp,it,with,its,mouth,to,suckle,from,.,.,.,.
cow,-s,begin,milk,product,-ion,a,few,day,-s,before,a,calf,is,born,.,.
they,and,can,continue,to,produce,milk,when,when,pregnant,with,their,next,calf,.,.,.
heifer,-s,un-,less,they,have,give,-n,birth,to,their,first,calf,do,not,produce,milk
dairy,cow,-s,ten,-d,to,have,much,large,-r,udder,-s,than,beef,cow,-s,.
that,is,use,-d,for,beef,late,-r,in,its,life,.,.,.,.,.,.
both,type,-s,of,cow,-s,will,keep,producing,milk,as,long,as,it,is,demanded,.
when,milk,from,them,is,no,long,-er,need,-ed,they,will,not,explode,.,.,.
bull,-s,can,often,be,fierce,and,danger,-ous,.,.,.,.,.,.,.,.
in,the,wild,they,will,often,fight,each,other,over,mating,right,-s,.,.,.,.
they,use,their,horn,-s,to,gore,each,other,.,.,.,.,.,.,.,.
some,bull,-s,will,fight,to,the,death,.,.,.,.,.,.,.,.,.
they,also,protect,the,herd,-s,from,other,animal,-s,.,.,.,.,.,.,.
on,farm,-s,bull,-s,are,usually,quiet,-er,and,more,docile,.,.,.,.,.
they,can,be,led,by,a,nose,ring,by,their,owner,-s,.,.,.,.,.
but,they,can,be,aggressive,with,other,bull,-s,.,.,.,.,.,.,.,.
dairy,bull,-s,like,jerseys,and,holsteins,ten,-d,to,be,more,aggressive,.,.,.,.
not,all,cattle,have,horn,-s,.,.,.,.,.,.,.,.,.,.,.
most,male,cattle,are,either,sent,to,slaughter,while,they,are,calves,or,are,castrated,.,.
this,make,-s,them,safe,-r,to,handle,and,keep,.,.,.,.,.,.,.
in,many,countries,a,person,-s,wealth,is,judged,by,the,number,of,cattle,they,own,.
cattle,are,very,useful,animal,-s,.,.,.,.,.,.,.,.,.,.,.
their,flesh,can,be,eat,-en,as,meat,.,.,.,.,.,.,.,.,.
their,milk,can,be,drunk,and,turn,-ed,into,cheese,and,yoghurt,.,.,.,.,.
their,skin,can,be,use,-d,as,leather,.,.,.,.,.,.,.,.,.
they,can,pull,carts,and,plows,.,.,.,.,.,.,.,.,.,.,.
they,can,make,the,power,to,turn,flour,mills,or,pump,water,.,.,.,.,.
dairy,cattle,are,kept,and,raise,-d,special,-ly,for,milk,-ing,.,.,.,.,.
this,keep,-s,the,milk,supply,going,.,.,.,.,.,.,.,.,.,.
how,ever,most,commercial,dairy,farm,-s,do,not,keep,bull,-s,.,.,.,.,.
such,bull,-s,are,very,danger,-ous,when,being,hand,led,.,.,.,.,.,.
some,large,dairy,herd,-s,especially,are,kept,on,pasture,.,.,.,.,.,.,.
there,is,a,good,supply,of,grass,and,the,field,-s,are,relatively,small,.,.,.
they,are,able,to,graze,regular,-ly,during,the,season,when,grass,is,grow,-ing,.,.
a,number,of,dairy,herd,-s,are,kept,in,barns,or,shed,-s,.,.,.,.
they,are,kept,her,-e,for,most,of,their,live,-s,.,.,.,.,.,.
they,give,-n,feed,that,has,been,especially,made,for,them,.,.,.,.,.,.
this,feed,contain,-s,grain,like,corn,hay,and,grass,.,.,.,.,.,.,.
cow,-s,are,often,kept,in,stalls,.,.,.,.,.,.,.,.,.,.
her,-e,they,have,enough,room,to,lay,down,comfortably,.,.,.,.,.,.,.
cow,-s,can,be,milk,-ed,by,hand,.,.,.,.,.,.,.,.,.
but,in,large,dairies,the,cow,-s,are,milk,-ed,by,a,milk,-ing,machine,.,.
the,milk,is,collect,-ed,in,a,large,stainless,steel,contain,-er,.,.,.,.,.
the,milk,under,goes,pastuerization,.,.,.,.,.,.,.,.,.,.,.,.
it,is,a,process,that,heat,-s,milk,to,a,very,high,temperature,.,.,.,.
this,kill,-s,any,bacteria,that,are,living,in,the,milk,.,.,.,.,.,.
the,milk,is,the,-n,take,-n,by,truck,to,a,milk,or,dairy,factory,.,.
it,is,the,-n,put,into,bottles,or,cartons,to,be,sold,.,.,.,.,.
some,milk,is,also,turn,-ed,into,cheese,and,butter,.,.,.,.,.,.,.
many,type,-s,of,cattle,are,use,-d,for,milk,.,.,.,.,.,.,.
beef,cattle,are,bred,and,raise,-d,specific,-ally,to,provide,meat,or,beef,.,.,.
steer,-s,are,the,best,type,for,this,purpose,.,.,.,.,.,.,.,.
they,can,be,kept,in,herd,-s,with,out,fight,-ing,each,other,.,.,.,.
heifer,-s,are,also,often,use,-d,for,beef,.,.,.,.,.,.,.,.
especially,those,that,are,not,suitable,to,be,use,-d,in,a,breed,-ing,her,-d,.
they,are,not,usually,use,-d,for,milk,.,.,.,.,.,.,.,.,.
al-,though,some,type,-s,of,cattle,are,use,-d,for,both,.,.,.,.,.
beef,cattle,are,often,allow,-ed,to,graze,over,large,area,-s,.,.,.,.,.
they,do,not,have,to,be,brought,in,ever,-y,day,like,dairy,cattle,.,.,.
cowboys,or,drove,-rs,would,her,-d,the,cattle,a-,long,the,road,-s,.,.,.
her,-e,they,would,be,loaded,and,shipped,to,these,towns,or,cities,.,.,.,.
big,herd,-s,would,have,thousand,-s,of,head,-s,of,cattle,.,.,.,.,.
nowadays,cattle,are,usually,sent,to,the,market,in,huge,lorries,know,-n,as,road,train,-s
the,meat,from,a,calf,is,call,-ed,veal,and,from,an,old,-er,beast,beef,.
meat,that,is,cut,into,flat,pieces,for,frying,or,grilling,is,call,-ed,steak,.,.
ever,-y,part,of,a,beast,can,be,use,-d,.,.,.,.,.,.,.
the,skin,be-,come,-s,leather,.,.,.,.,.,.,.,.,.,.,.
the,un-,used,meat,be-,come,-s,pet,food,.,.,.,.,.,.,.,.
al-,most,ever,-y,thing,that,is,left,over,be-,come,-s,garden,fertilizer,.,.,.
many,other,product,-s,can,be,and,are,often,made,from,cattle,.,.,.,.,.
cow,-s,blood,is,often,use,-d,in,special,effect,-s,.,.,.,.,.,.
bone,-s,from,cattle,can,be,made,into,knife,handle,-s,.,.,.,.,.,.
type,-s,of,cattle,that,are,use,-d,for,beef,.,.,.,.,.,.,.
oxen,are,cattle,train,-ed,as,work,animal,-s,.,.,.,.,.,.,.,.
the,word,ox,is,use,-d,to,describe,just,one,.,.,.,.,.,.,.
an,ox,is,grow,-n,to,full,size,at,four,year,-s,old,.,.,.,.
this,is,when,it,begin,-s,to,work,.,.,.,.,.,.,.,.,.
oxen,are,most,often,use,-d,in,teams,of,two,for,light,work,.,.,.,.
in,past,day,-s,very,large,teams,of,oxen,were,use,-d,for,heavy,work,.,.
the,oxen,are,put,into,pair,-s,and,each,pair,must,work,together,.,.,.,.
a,wood,-en,yoke,is,put,about,the,neck,of,each,pair,.,.,.,.,.
this,is,done,to,share,the,work,across,their,should,-er,-s,.,.,.,.,.
oxen,must,be,train,-ed,from,a,young,age,.,.,.,.,.,.,.,.
ox,teams,are,steer,-ed,by,shouted,commands,whistles,or,the,noise,of,a,whip,crack,.
men,who,drove,ox,teams,were,call,-ed,teamsters,.,.,.,.,.,.,.,.
oxen,can,pull,hard,-er,and,long,-er,than,horse,-s,especially,for,very,large,loads,.
they,are,not,as,fast,as,horse,-s,.,.,.,.,.,.,.,.,.
but,they,are,less,often,injured,or,less,like,-ly,to,startle,than,horse,-s,are,.
crow,-s,form,the,genus,corvus,are,in,the,family,corvidae,.,.,.,.,.,.
the,genus,include,-s,the,crow,the,rook,jackdaw,and,the,large,common,raven,.,.,.
the,corvus,make,-s,up,a,third,of,the,species,in,the,corvidae,.,.,.,.
crow,-s,appear,to,have,evolved,in,asia,from,corvid,stock,which,had,evolved,in,australia,.
crow,-s,will,eat,just,about,any,thing,from,insects,to,in-,vertebrate,-s,to,meat,.
they,also,enjoy,nuts,worms,and,vegetables,.,.,.,.,.,.,.,.,.,.
crow,-s,are,know,-n,for,being,shy,a-,round,human,-s,at,first,.,.,.
crow,-s,are,natural,-ly,shy,and,war,-y,creature,-s,.,.,.,.,.,.
they,prefer,open,area,-s,with,good,visibility,and,safe,place,-s,to,perch,and,roost,.
crow,-s,have,keen,eye,sight,.,.,.,.,.,.,.,.,.,.,.
crow,-s,such,as,the,all,black,carrion,crow,are,fairly,solitary,.,.,.,.,.
they,are,usually,found,alone,or,in,pair,-s,.,.,.,.,.,.,.,.
they,may,some,time,-s,form,flocks,as,well,.,.,.,.,.,.,.,.
some,crow,species,not,only,use,tools,but,also,make,tools,.,.,.,.,.,.
they,have,a,brain,size,as,large,as,some,apes,.,.,.,.,.,.,.
historic,-ally,the,crow,was,believed,to,be,a,divine,agent,.,.,.,.,.,.
a,deer,is,a,even,toed,ungulate,mammal,.,.,.,.,.,.,.,.,.
they,form,the,family,cervidae,.,.,.,.,.,.,.,.,.,.,.,.
there,are,about,six,-ty,species,of,deer,.,.,.,.,.,.,.,.,.
they,original,-ly,live,-d,in,the,north,-ern,hemisphere,.,.,.,.,.,.,.
they,now,are,native,to,europe,asia,north,america,and,south,america,.,.,.,.,.
al-,most,all,adult,deer,have,antlers,except,one,the,water,deer,which,has,tusks,.,.
only,male,deer,have,antlers,except,for,reindeer,where,both,sexes,carry,antlers,.,.,.,.
the,antlers,are,deciduous,and,drop,off,after,the,mating,season,.,.,.,.,.,.
musk,deer,and,chevrotains,have,no,antlers,and,are,not,deer,.,.,.,.,.,.
they,are,ruminants,.,.,.,.,.,.,.,.,.,.,.,.,.,.
they,are,no,more,close,-ly,related,to,deer,than,any,other,even,toed,ungulate,-s,.
deer,do,not,make,nest,-s,or,den,-s,.,.,.,.,.,.,.,.
they,find,a,safe,and,comfortable,place,to,rest,under,low,hang,-ing,evergreen,branch,-es,.
they,stay,close,to,where,they,can,find,food,.,.,.,.,.,.,.,.
in,summer,they,eat,grass,-es,plant,-s,and,weeds,.,.,.,.,.,.,.
in,the,fall,they,like,mushrooms,and,small,branch,-es,.,.,.,.,.,.,.
they,do,not,store,their,food,for,the,winter,.,.,.,.,.,.,.,.
if,the,snow,is,not,deep,they,use,their,hooves,to,un-,cover,moss,and,leave,-s
the,doe,usually,has,one,or,two,fawn,-s,in,the,spring,.,.,.,.,.
the,fawn,is,precocial,and,can,stand,immediately,after,birth,but,is,weak,.,.,.,.
the,doe,will,hide,each,fawn,in,a,different,place,.,.,.,.,.,.,.
deer,have,many,predator,-s,.,.,.,.,.,.,.,.,.,.,.,.
wolves,cougar,dog,-s,and,people,will,eat,deer,.,.,.,.,.,.,.,.
genera,-l,-ly,speaking,deer,prefer,mixed,forest,and,grass,land,area,-s,.,.,.,.
in,form,-er,time,-s,wolves,were,the,number,one,enemy,of,deer,.,.,.,.
the,rut,establishes,which,male,-s,are,dominant,.,.,.,.,.,.,.,.,.
each,success,-ful,male,has,a,group,of,fe-,male,-s,.,.,.,.,.,.
the,group,stay,-s,together,until,the,fawn,-s,are,born,about,four,or,five,month,-s
deer,are,by,nature,gregarious,and,like,to,live,together,.,.,.,.,.,.,.
this,help,-s,their,defence,against,predator,-s,.,.,.,.,.,.,.,.,.
the,details,vary,between,species,.,.,.,.,.,.,.,.,.,.,.,.
the,actual,defence,against,attack,is,decided,by,the,dominant,male,.,.,.,.,.,.
he,decides,whether,to,stand,and,if,necessary,to,fight,.,.,.,.,.,.,.
male,-s,keep,their,antlers,for,half,a,year,.,.,.,.,.,.,.,.
if,they,run,deer,are,out,stand,-ing,runners,.,.,.,.,.,.,.,.
if,they,stand,they,can,kick,.,.,.,.,.,.,.,.,.,.,.
they,will,not,attack,human,-s,un-,less,the,male,sense,-s,danger,.,.,.,.
he,give,-s,warning,by,posture,and,sound,.,.,.,.,.,.,.,.,.
the,fe-,male,-s,also,join,up,in,large,herd,-s,which,can,defend,themselves,fairly,well
deer,are,browsers,and,feed,main,-ly,on,leave,-s,.,.,.,.,.,.,.
this,is,most,-ly,low,fibre,food,.,.,.,.,.,.,.,.,.,.
deer,are,a,monophyletic,group,.,.,.,.,.,.,.,.,.,.,.,.
they,originated,in,the,north,-ern,hemisphere,.,.,.,.,.,.,.,.,.,.
they,arrived,in,some,gondwana,continent,-s,much,late,-r,.,.,.,.,.,.,.
below,north,africa,there,are,no,deer,.,.,.,.,.,.,.,.,.,.
their,place,in,the,eco-,system,-s,is,take,-n,by,antelopes,.,.,.,.,.
they,occupy,a,niche,similar,to,the,deer,.,.,.,.,.,.,.,.,.
antelopes,are,not,a,monophyletic,group,.,.,.,.,.,.,.,.,.,.,.
elephant,-s,are,the,biggest,living,land,mammal,-s,.,.,.,.,.,.,.,.
they,have,long,nose,-s,call,-ed,trunk,-s,and,large,flapping,ear,-s,.,.,.
at,birth,an,elephant,calf,may,be,as,big,as,one,hundred,kg,.,.,.,.
the,baby,elephant,develop,-s,for,twenty,to,twenty,two,month,-s,in-,side,its,mother,.
in,the,wild,elephant,-s,have,strong,family,relationship,-s,.,.,.,.,.,.,.
their,way,-s,of,acting,toward,other,elephant,-s,are,hard,for,people,to,under,stand,.
they,talk,to,each,other,with,very,low,sound,-s,.,.,.,.,.,.,.
most,elephant,-s,sound,-s,are,so,low,people,can,not,hear,them,.,.,.,.
there,are,two,living,genera,of,elephant,-s,.,.,.,.,.,.,.,.,.
the,trunk,is,a,very,long,nose,made,from,the,upper,lip,.,.,.,.,.
an,elephant,use,-s,its,trunk,to,grab,objects,such,as,food,.,.,.,.,.
an,elephant,also,use,-s,its,trunk,when,it,trumpets,.,.,.,.,.,.,.
it,stand,-s,still,raise,-s,its,trunk,and,blows,.,.,.,.,.,.,.
elephant,-s,have,teeth,and,tusks,.,.,.,.,.,.,.,.,.,.,.
a,lot,of,ivory,come,-s,from,elephant,tusks,.,.,.,.,.,.,.,.
in,total,elephant,-s,have,twenty,four,teeth,.,.,.,.,.,.,.,.,.
when,the,last,molar,fall,-s,out,the,elephant,dies,be-,cause,it,can,not,eat,.
they,can,live,for,about,seven,-ty,year,-s,.,.,.,.,.,.,.,.
elephant,-s,use,their,teeth,in,sequence,not,all,at,once,.,.,.,.,.,.
africa,-n,elephant,-s,are,large,-r,and,have,bigger,ear,-s,.,.,.,.,.
they,are,graze,-rs,who,still,do,a,lot,of,browsing,.,.,.,.,.,.
these,big,ear,-s,have,many,veins,which,carry,blood,through,out,the,body,.,.,.
fe-,male,africa,-n,elephant,-s,have,tusks,but,fe-,male,asia,-n,elephant,-s,do,not
africa,-n,elephant,-s,have,a,low,place,in,their,back,.,.,.,.,.,.
africa,-n,elephant,-s,have,two,finger,-s,at,the,end,of,their,trunk,-s,.,.
asia,-n,elephant,-s,only,have,one,finger,at,the,end,of,their,trunk,-s,.,.
some,africa,-n,elephant,-s,live,on,the,savanna,while,other,-s,live,in,the,forest,.
today,many,people,think,these,are,different,species,.,.,.,.,.,.,.,.,.
elephant,-s,are,distantly,related,to,sea,cow,-s,which,are,large,aquatic,mammal,-s,.,.
early,ancestor,-s,in,the,palaeocene,and,eocene,were,small,semi,aquatic,animal,-s,.,.,.
by,the,miocene,several,group,-s,of,large,main,-ly,forest,dwelling,elephant,-s,evolved,.,.
they,last,-ed,a,long,time,and,were,hunt,-ed,by,modern,man,.,.,.,.
this,favoured,special,-ist,grass,feed,-ers,over,genera,-l,-ist,eaters,.,.,.,.,.
this,change,in,the,diet,-ary,supply,was,one,of,the,main,factors,.,.,.,.
this,force,-d,them,toward,extinct,-ion,.,.,.,.,.,.,.,.,.,.
the,significant,thing,about,modern,elephant,-s,is,that,they,eat,grass,.,.,.,.,.
human,-s,have,use,-d,elephant,-s,for,different,thing,-s,.,.,.,.,.,.
the,carthaginian,genera,-l,hannibal,took,some,elephant,-s,across,the,alps,.,.,.,.,.
he,probably,use,-d,the,north,africa,-n,elephant,.,.,.,.,.,.,.,.
this,kind,of,elephant,doe,-s,not,live,today,.,.,.,.,.,.,.,.
it,was,small,-er,than,other,africa,-n,elephant,-s,.,.,.,.,.,.,.
many,circuses,have,them,.,.,.,.,.,.,.,.,.,.,.,.,.
south,asia,-n,people,-s,use,-d,them,for,several,thing,-s,.,.,.,.,.
they,fought,in,armies,.,.,.,.,.,.,.,.,.,.,.,.,.
they,also,crushed,criminals,.,.,.,.,.,.,.,.,.,.,.,.,.
how,ever,people,have,never,domesticated,elephant,-s,.,.,.,.,.,.,.,.,.
domesticated,animal,-s,are,tame,.,.,.,.,.,.,.,.,.,.,.,.
they,have,babies,under,human,control,.,.,.,.,.,.,.,.,.,.,.
the,male,elephant,in,heat,is,danger,-ous,and,hard,to,control,.,.,.,.,.
this,state,is,call,-ed,must,-h,.,.,.,.,.,.,.,.,.,.
most,elephant,-s,use,-d,by,people,are,fe-,male,except,those,use,-d,in,war,.
in,a,battle,fe-,male,elephant,-s,run,from,male,-s,.,.,.,.,.,.
so,armies,need,-ed,male,elephant,-s,.,.,.,.,.,.,.,.,.,.
both,africa,-n,and,asia,-n,elephant,-s,are,endangered,species,.,.,.,.,.,.
africa,-n,elephant,-s,receive,some,legal,protect,-ion,.,.,.,.,.,.,.,.
this,is,in,ever,-y,country,where,they,are,found,.,.,.,.,.,.,.
conservation,efforts,in,some,area,-s,have,led,to,more,elephant,-s,.,.,.,.,.
local,number,-s,may,be,control,led,by,contraception,.,.,.,.,.,.,.,.
or,by,moving,the,elephant,-s,to,other,place,-s,.,.,.,.,.,.,.
in,nineteen,eight,-y,nine,trade,in,elephant,-s,and,their,product,-s,was,made,illegal,.
a,total,of,a-,round,four,hundred,and,for,-ty,thousand,individual,-s,are,estimated,.,.
a-,round,half,of,the,population,is,in,india,.,.,.,.,.,.,.,.
a,fe-,male,elephant,will,have,a,single,baby,ever,-y,four,or,five,year,-s,.
calves,are,born,eight,-y,five,cm,tall,and,weigh,a-,round,one,hundred,and,twenty,kg
an,elephant,-s,gestation,last,-s,about,twenty,two,month,-s,.,.,.,.,.,.
another,fe-,male,elephant,often,stay,-s,with,the,new,mother,until,its,baby,is,born,.
the,new,born,elephant,can,often,stand,within,a,half,hour,.,.,.,.,.,.
mother,elephant,-s,touch,their,babies,gently,with,their,trunk,-s,.,.,.,.,.,.
baby,elephant,-s,nurse,for,the,first,two,year,-s,of,their,live,-s,.,.,.
after,it,is,born,the,baby,wobbles,in,search,of,its,mother,-s,milk,.,.,.
one,of,the,most,famous,fictional,elephant,-s,is,dumbo,.,.,.,.,.,.,.
it,is,a,flying,elephant,in,a,disney,movie,.,.,.,.,.,.,.,.
the,elephant,-s,child,is,one,of,rudyard,kiplings,just,so,stories,.,.,.,.,.
ganesha,is,the,god,of,wisdom,in,hinduism,.,.,.,.,.,.,.,.,.
the,elephant,is,the,symbol,for,the,unit,-ed,state,-s,republican,part,-y,.,.,.
it,is,like,the,democratic,part,-y,-s,donkey,.,.,.,.,.,.,.,.
he,did,that,in,a,harpers,weekly,cartoon,in,eighteen,seven,-ty,four,.,.,.,.
fish,are,a,group,of,animal,-s,.,.,.,.,.,.,.,.,.,.
they,live,in,water,and,respire,from,their,gills,.,.,.,.,.,.,.,.
as,a,group,they,are,much,old,-er,than,other,vertebrate,-s,.,.,.,.,.
fish,use,-d,to,be,a,class,of,vertebrate,-s,.,.,.,.,.,.,.
now,the,term,cover,-s,five,class,-es,of,animal,-s,that,live,in,the,water,.
there,are,more,fish,than,four,limb,-ed,animal,-s,.,.,.,.,.,.,.
fish,are,usually,cover,-ed,with,scale,-s,.,.,.,.,.,.,.,.,.
they,have,two,sets,of,pair,-ed,fins,and,several,un-,pair,-ed,fins,.,.,.
there,are,many,different,kind,-s,of,fish,.,.,.,.,.,.,.,.,.
the,thing,to,re-,member,is,that,they,all,have,adaptation,-s,.,.,.,.,.
these,feature,-s,let,them,live,in,the,way,they,do,.,.,.,.,.,.
they,live,in,water,.,.,.,.,.,.,.,.,.,.,.,.,.
but,living,in,a,fast,flowing,river,is,different,from,living,in,a,slow,moving,river,.
in,the,sea,the,depth,they,live,at,matters,.,.,.,.,.,.,.,.
some,fish,are,less,than,one,centi,meter,long,.,.,.,.,.,.,.,.
the,large,-st,fish,is,the,whale,shark,.,.,.,.,.,.,.,.,.
they,can,be,al-,most,fifteen,meter,-s,long,and,weigh,fifteen,tons,.,.,.,.
al-,most,all,fish,live,in,the,water,.,.,.,.,.,.,.,.,.
a,group,of,fish,call,-ed,the,lung,fish,have,develop,-ed,lung,-s,.,.,.
the,english,word,fish,is,not,just,one,phylum,.,.,.,.,.,.,.,.
some,fish,are,more,close,-ly,related,to,land,animal,-s,.,.,.,.,.,.
all,land,animal,-s,are,their,descendants,.,.,.,.,.,.,.,.,.,.
fish,is,not,a,form,-al,taxonomic,group,-ing,in,systematic,biology,.,.,.,.,.
amphibia,-ns,reptiles,bird,-s,and,mammal,-s,all,descended,from,lobe,finned,fish,.,.,.
fish,are,the,oldest,vertebrate,group,.,.,.,.,.,.,.,.,.,.,.
the,term,include,-s,a,huge,range,of,type,-s,.,.,.,.,.,.,.
these,are,the,main,group,-s,.,.,.,.,.,.,.,.,.,.,.
certain,animal,-s,that,have,the,word,fish,in,their,name,are,not,real,-ly,fish,.
some,animal,-s,look,like,fish,but,are,not,.,.,.,.,.,.,.,.
most,kind,-s,of,fish,have,bone,-s,.,.,.,.,.,.,.,.,.
some,kind,-s,of,fish,such,as,shark,-s,and,rays,do,not,have,real,bone,-s
all,fish,are,cover,-ed,with,overlapping,scale,-s,.,.,.,.,.,.,.,.
each,major,group,of,fish,has,its,own,special,type,of,scale,.,.,.,.,.
teleosts,have,what,are,call,-ed,leptoid,scale,-s,.,.,.,.,.,.,.,.
these,also,overlap,in,a,head,to,tail,direct,-ion,producing,a,tough,out,-er,lay,-er
shark,skin,is,available,for,purchase,as,shagreen,.,.,.,.,.,.,.,.,.
shagreen,as,original,is,smooth,in,one,direct,-ion,and,rough,in,the,other,direct,-ion,.
there,are,various,type,-s,of,eel,.,.,.,.,.,.,.,.,.,.
their,life,style,has,evolved,many,time,-s,.,.,.,.,.,.,.,.,.
example,-s,are,salmon,trout,the,sea,lamprey,and,three,spine,-d,stickleback,.,.,.,.
some,of,the,common,marine,fish,are,from,the,family,pomacentridae,.,.,.,.,.,.
fish,swim,by,exerting,force,against,the,surrounding,water,.,.,.,.,.,.,.,.
there,are,except,-ion,-s,.,.,.,.,.,.,.,.,.,.,.,.
this,is,usually,done,by,the,fish,contracting,muscle,-s,on,either,side,of,its,body,.
the,latter,group,profits,from,the,gained,manoeuvrability,.,.,.,.,.,.,.,.,.
this,is,need,-ed,for,example,when,living,in,coral,reef,-s,.,.,.,.,.
fish,can,swim,slow,-ly,for,many,hour,-s,using,red,muscle,fibre,-s,.,.,.
they,also,make,short,fast,bursts,using,white,muscle,.,.,.,.,.,.,.,.
the,two,type,-s,of,muscle,have,a,fundamentally,different,physiology,.,.,.,.,.,.
the,white,fibre,-s,get,their,energy,by,converting,the,carbohydrate,glycogen,to,lactate,.,.,.
this,is,anaerobic,metabolism,that,is,it,doe,-s,not,need,oxygen,.,.,.,.,.
they,are,use,-d,for,fast,short,bursts,.,.,.,.,.,.,.,.,.
once,the,lactic,acid,build,-s,up,in,the,muscle,-s,they,stop,work,-ing,.,.
swimming,for,long,period,-s,need,-s,oxygen,for,the,red,fibre,-s,.,.,.,.
the,oxygen,supply,has,to,be,constant,.,.,.,.,.,.,.,.,.,.
these,fibre,-s,only,operate,aerobically,.,.,.,.,.,.,.,.,.,.,.
they,are,red,be-,cause,they,have,a,rich,blood,supply,and,they,contain,myoglobin,.,.
myoglobin,transports,the,oxygen,to,the,oxidising,system,-s,.,.,.,.,.,.,.,.
red,muscle,get,-s,its,energy,by,oxidising,fat,.,.,.,.,.,.,.,.
this,has,twice,as,much,energy,as,carbohydrate,or,protein,by,weight,.,.,.,.,.
many,fish,swim,in,group,-s,.,.,.,.,.,.,.,.,.,.,.
schools,of,fish,can,swim,together,for,long,distance,-s,.,.,.,.,.,.,.
they,may,be,chase,-d,by,predator,-s,which,also,swim,in,schools,.,.,.,.
the,shape,of,the,body,of,a,fish,is,important,to,its,swimming,.,.,.,.
this,is,be-,cause,streamlined,body,shape,-s,make,-s,the,water,drag,less,.,.,.
her,-e,are,some,common,fish,shape,-s,.,.,.,.,.,.,.,.,.
the,picture,on,the,right,show,-s,a,shark,.,.,.,.,.,.,.,.
this,shark,-s,shape,is,call,-ed,fusiform,.,.,.,.,.,.,.,.,.
it,is,an,ovoid,shape,where,both,end,-s,of,the,fish,are,point,-y,.,.
this,is,the,best,shape,for,going,through,water,quickly,.,.,.,.,.,.,.
fish,-es,with,fusiform,shape,-s,can,chase,prey,and,escape,predator,-s,quickly,.,.,.
many,live,in,the,open,ocean,and,swim,constant,-ly,like,marlins,swordfish,and,tuna,.,.
porpoises,dolphins,kill,-er,whale,-s,all,have,similar,shape,-s,.,.,.,.,.,.
the,long,ribbon,like,shape,of,an,eel,-s,body,show,-s,another,shape,.,.,.
flat,fish,live,on,the,bottom,of,the,ocean,or,lake,.,.,.,.,.,.
most,use,camouflage,.,.,.,.,.,.,.,.,.,.,.,.,.,.
reef,fish,also,have,flat,bodies,and,their,body,is,often,high,-ly,colour,-ed,.,.
people,eat,many,different,kind,-s,of,fish,.,.,.,.,.,.,.,.,.
these,include,carp,cod,and,her,ring,.,.,.,.,.,.,.,.,.,.
the,word,to,fish,is,also,use,-d,for,the,activity,of,catch,-ing,fish,-es,.
people,catch,fish,with,nets,from,the,side,of,the,water,or,from,boats,.,.,.
people,can,also,catch,fish,with,fish,-ing,poles,and,fishhooks,with,bait,.,.,.,.
this,is,often,call,-ed,angling,.,.,.,.,.,.,.,.,.,.,.
there,are,less,and,less,fish,in,the,sea,.,.,.,.,.,.,.,.
selective,breed,-ing,of,carp,made,them,into,the,domesticated,koi,in,japan,and,goldfish,in,china
this,breed,-ing,began,over,two,thousand,year,-s,ago,.,.,.,.,.,.,.
the,chinese,brought,their,goldfish,indoor,-s,during,the,song,dynasty,.,.,.,.,.,.
they,kept,them,in,large,ceramic,vessels,.,.,.,.,.,.,.,.,.,.
frog,-s,are,amphibia,-ns,and,vertebrate,-s,of,the,order,anura,.,.,.,.,.
there,is,not,much,differ,-ence,between,frog,-s,and,toad,-s,.,.,.,.,.
they,are,not,classified,separate,-ly,.,.,.,.,.,.,.,.,.,.,.
the,toad,life,style,is,an,adaptation,to,living,in,drier,habitat,-s,.,.,.,.
frog,-s,can,live,on,land,and,in,fresh,water,.,.,.,.,.,.,.
they,can,not,survive,in,salt,water,.,.,.,.,.,.,.,.,.,.
their,development,is,by,metamorphosis,.,.,.,.,.,.,.,.,.,.,.,.
they,usually,hatch,as,tadpoles,from,egg,-s,.,.,.,.,.,.,.,.,.
the,egg,-s,are,laid,by,a,fe-,male,frog,.,.,.,.,.,.,.
the,egg,-s,are,call,-ed,frog,spawn,.,.,.,.,.,.,.,.,.
tadpoles,have,tail,-s,and,gills,.,.,.,.,.,.,.,.,.,.,.
the,frog,let,develop,-s,lung,-s,to,breath,-e,air,instead,of,gills,.,.,.
but,they,still,have,tail,-s,.,.,.,.,.,.,.,.,.,.,.
adult,frog,-s,can,jump,with,their,legs,.,.,.,.,.,.,.,.,.
they,have,long,tongue,-s,that,they,use,to,catch,bugs,.,.,.,.,.,.
they,make,a,sound,call,-ed,a,croak,.,.,.,.,.,.,.,.,.
some,species,live,in,tree,-s,.,.,.,.,.,.,.,.,.,.,.
some,type,-s,of,frog,are,protect,-ed,by,being,poison,-ous,.,.,.,.,.
frog,-s,live,all,over,the,world,.,.,.,.,.,.,.,.,.,.
frog,legs,are,some,time,-s,eat,-en,as,food,in,france,.,.,.,.,.
the,kill,-ing,of,frog,-s,might,have,an,effect,on,the,eco-,system,.,.,.
for,example,frog,-s,eat,mosquitoes,.,.,.,.,.,.,.,.,.,.,.
if,frog,-s,are,kill,-ed,the,-n,there,are,few,-er,frog,-s,to,eat,mosquitoes
so,more,and,more,mosquitoes,are,born,.,.,.,.,.,.,.,.,.,.
in,these,area,-s,there,are,more,diseases,that,mosquitoes,carry,.,.,.,.,.,.
how,ever,for,this,to,apply,frog,-s,would,have,to,be,a,major,predator,of,mosquitoes
frog,-s,are,cold,blood,-ed,animal,-s,.,.,.,.,.,.,.,.,.
this,mean,-s,that,they,need,heat,to,keep,up,their,body,temperature,.,.,.,.
if,the,temperature,out,side,is,cold,amphibia,-ns,will,not,be,active,.,.,.,.
amphibia,-ns,can,get,heat,from,the,sun,usually,in-,direct,-ly,.,.,.,.,.
some,frog,-s,aestivate,during,winter,or,during,droughts,.,.,.,.,.,.,.,.
they,usually,look,for,under,ground,place,to,aestivate,.,.,.,.,.,.,.,.
these,include,burrow,-ing,in,mud,-s,and,holes,.,.,.,.,.,.,.,.
they,survive,by,getting,oxygen,through,their,skin,.,.,.,.,.,.,.,.,.
frog,-s,have,skin,with,no,scale,-s,or,hair,.,.,.,.,.,.,.
they,can,take,in,oxygen,from,either,water,or,air,.,.,.,.,.,.,.
mucus,that,help,-s,their,skin,to,stay,wet,and,slippery,.,.,.,.,.,.
many,amphibia,-ns,have,toxic,skin,.,.,.,.,.,.,.,.,.,.,.
many,frog,-s,are,semi,aquatic,.,.,.,.,.,.,.,.,.,.,.
they,may,live,on,both,land,and,in,water,.,.,.,.,.,.,.,.
these,include,ponds,swamps,river,-s,and,lake,-s,.,.,.,.,.,.,.,.
most,adult,-s,live,where,they,grew,up,.,.,.,.,.,.,.,.,.
a,toad,is,a,large,type,of,frog,.,.,.,.,.,.,.,.,.
it,is,not,a,scientific,term,but,a,popular,one,.,.,.,.,.,.,.
all,toad,-s,are,frog,-s,but,not,all,frog,-s,are,toad,-s,.,.,.
toad,-s,main,-ly,evolved,in,dry,climates,.,.,.,.,.,.,.,.,.
many,toad,-s,have,rough,-er,brown,-er,skin,.,.,.,.,.,.,.,.
many,toad,-s,also,burrow,.,.,.,.,.,.,.,.,.,.,.,.
that,depend,-s,on,the,environment,the,toad,evolved,in,.,.,.,.,.,.,.
toad,-s,lay,egg,-s,in,strings,attached,to,rock,-s,.,.,.,.,.,.
true,frog,-s,lay,egg,-s,in,a,jelly,like,mass,.,.,.,.,.,.
also,toad,-s,genera,-l,-ly,have,short,-er,legs,and,fatter,bodies,.,.,.,.
most,frog,-s,develop,from,tadpoles,.,.,.,.,.,.,.,.,.,.,.
tadpoles,develop,from,egg,-s,laid,in,water,.,.,.,.,.,.,.,.,.
normal,-ly,the,egg,-s,are,fertilised,after,they,are,laid,.,.,.,.,.,.
this,is,call,-ed,external,fertilisation,.,.,.,.,.,.,.,.,.,.,.
how,ever,some,use,internal,fertilisation,.,.,.,.,.,.,.,.,.,.,.
how,ever,a,new,species,has,been,dis-,cover,-ed,in,indonesia,.,.,.,.,.
it,give,-s,birth,to,live,tadpoles,.,.,.,.,.,.,.,.,.,.
the,limnonectes,family,are,know,-n,as,fanged,frog,-s,.,.,.,.,.,.,.
they,have,twin,projections,on,their,low,-er,jaw,-s,that,are,use,-d,in,fight,-ing
it,is,an,island,which,is,rapid,-ly,losing,its,forest,-s,.,.,.,.,.
despite,these,limitations,frog,-s,are,wide,spread,.,.,.,.,.,.,.,.,.
they,have,adapt,-ed,to,many,climates,even,desert,-s,.,.,.,.,.,.,.
they,rely,on,specific,adaptation,-s,to,survive,.,.,.,.,.,.,.,.,.
member,-s,of,the,genus,cyclorana,live,in,the,australia,-n,central,desert,.,.,.,.
they,bury,themselves,under,ground,.,.,.,.,.,.,.,.,.,.,.,.
they,create,a,waterproof,cocoon,in,which,to,aestivate,during,dry,period,-s,.,.,.,.
once,it,rain,-s,they,come,out,find,a,temporary,pool,and,breed,.,.,.,.
some,frog,species,are,adapt,-ed,to,a,cold,environment,.,.,.,.,.,.,.
most,of,these,species,do,not,come,to,the,ground,except,to,mate,.,.,.,.
over,all,frog,-s,are,a,success,-ful,and,wide,spread,group,.,.,.,.,.
a,giraffe,is,a,mammal,which,live,-s,in,africa,.,.,.,.,.,.,.
giraffe,-s,have,an,even,number,of,toes,and,are,the,tall,-est,land,animal,-s,.
giraffe,-s,have,a,very,long,neck,and,long,legs,.,.,.,.,.,.,.
this,help,-s,them,reach,tall,branch,-es,.,.,.,.,.,.,.,.,.
they,have,a,long,black,tongue,up,to,for,-ty,five,cm,in,length,.,.,.
their,fur,has,a,light,yellowish,tan,or,off,white,colour,with,brown,or,russet,patches,.
no,two,giraffe,-s,have,the,same,pattern,.,.,.,.,.,.,.,.,.
the,different,sub,species,have,different,coat,pattern,-s,.,.,.,.,.,.,.,.
the,horn,-s,are,call,-ed,ossicones,.,.,.,.,.,.,.,.,.,.
these,come,from,the,cartilage,dis-,place,-d,from,their,skull,.,.,.,.,.,.
giraffe,-s,are,found,in,part,-s,of,africa,.,.,.,.,.,.,.,.
giraffe,-s,eat,most,-ly,leave,-s,from,tall,tree,-s,.,.,.,.,.,.
their,rough,tongue,allow,-s,them,to,eat,the,acacia,leave,-s,protect,-ed,by,thorns,.
they,can,go,with,out,water,for,weeks,.,.,.,.,.,.,.,.,.
giraffe,-s,live,alone,or,in,loose,group,-s,.,.,.,.,.,.,.,.
giraffe,-s,give,birth,while,stand,-ing,.,.,.,.,.,.,.,.,.,.
so,the,baby,fall,-s,down,two,metres,.,.,.,.,.,.,.,.,.
young,giraffe,-s,be-,come,mature,when,they,are,four,year,-s,old,.,.,.,.
they,are,full,-y,grow,-n,when,they,are,six,year,-s,old,.,.,.,.
giraffe,-s,use,their,feet,to,kick,predator,-s,a-,way,.,.,.,.,.,.
mature,male,giraffe,-s,use,their,head,and,neck,-s,to,fight,for,dominance,at,mating,time
the,fe-,male,-s,who,receive,little,to,no,aid,from,their,partners,in,raising,the,calves
they,prefer,the,male,-s,that,are,victorious,.,.,.,.,.,.,.,.,.
there,are,about,nine,different,sub,species,of,giraffe,.,.,.,.,.,.,.,.
they,only,have,small,differ,-ence,-s,between,them,.,.,.,.,.,.,.,.
when,giraffe,-s,of,two,different,sub,species,breed,the,young,are,call,-ed,hybrids,.,.
guinea,pig,-s,are,a,kind,of,rodent,.,.,.,.,.,.,.,.,.
they,are,not,pig,-s,.,.,.,.,.,.,.,.,.,.,.,.
they,are,not,from,guinea,.,.,.,.,.,.,.,.,.,.,.,.
the,reason,for,why,this,is,the,name,is,un-,clear,.,.,.,.,.,.
they,are,also,call,-ed,cavies,.,.,.,.,.,.,.,.,.,.,.
they,are,descendants,of,a,close,-ly,related,species,of,cavy,.,.,.,.,.,.
in,many,part,-s,of,the,world,people,keep,them,as,pet,-s,.,.,.,.
in,peru,bolivia,ecuador,and,several,other,countries,they,are,raise,-d,for,food,.,.,.
the,first,people,who,domesticated,the,animal,-s,did,it,for,food,.,.,.,.,.
in,some,place,-s,people,think,guinea,pig,-s,keep,bad,spirits,a-,way,.,.,.
this,perception,of,pigginess,occur,red,in,many,language,-s,other,than,english,.,.,.,.
how,ever,this,perception,of,pigginess,is,not,universal,to,all,language,-s,or,culture,-s,.
guinea,pig,-s,need,large,open,air,cages,.,.,.,.,.,.,.,.,.
they,should,also,have,unlimited,grass,hay,.,.,.,.,.,.,.,.,.,.
this,keep,-s,their,teeth,trimmed,.,.,.,.,.,.,.,.,.,.,.
guinea,pig,-s,like,to,be,held,in,hand,.,.,.,.,.,.,.,.
guinea,pig,-s,should,be,kept,in,cages,large,-r,than,for,two,pig,-s,.,.
guinea,pig,-s,are,social,animal,-s,.,.,.,.,.,.,.,.,.,.
guinea,pig,is,also,slang,for,a,person,who,is,the,first,to,try,some,thing,.
it,can,also,mean,the,subject,of,an,experiment,.,.,.,.,.,.,.,.
a,hawk,is,a,common,term,for,a,medium,to,large,size,-d,bird,-s,of,prey
hawk,-s,genera,-l,-ly,take,bird,-s,as,their,primary,prey,.,.,.,.,.
they,have,also,been,call,-ed,wood,hawk,-s,be-,cause,of,their,wood,land,habitat,.
within,the,hawk,species,the,fe-,male,is,genera,-l,-ly,large,-r,than,the,male,.
they,have,many,photoreceptors,in,their,retina,.,.,.,.,.,.,.,.,.,.
they,also,have,an,except,-ion,-al,number,of,nerves,connecting,the,receptors,to,the,brain,.
there,is,an,indented,fovea,which,magnifies,the,central,portion,of,the,visual,field,.,.,.
the,two,species,of,lizard,both,have,a,dewlap,a,row,of,spine,-s,.,.,.
these,run,down,their,back,to,their,tail,.,.,.,.,.,.,.,.,.
this,eye,look,-s,just,like,a,pale,scale,on,the,top,of,their,head,.,.
be-,hind,their,neck,are,small,scale,-s,.,.,.,.,.,.,.,.,.
they,look,like,spikes,and,are,call,-ed,tuberculate,scale,-s,.,.,.,.,.,.
iguana,-s,have,excellent,vision,.,.,.,.,.,.,.,.,.,.,.,.
they,can,see,long,distance,-s,shape,-s,shadows,color,and,movement,.,.,.,.,.
they,also,use,their,eye,-s,to,communicate,with,member,-s,of,the,same,species,.,.
an,iguana,-s,ear,is,call,-ed,a,tympanum,.,.,.,.,.,.,.,.
jelly,fish,are,animal,-s,of,the,phylum,cnidaria,.,.,.,.,.,.,.,.
most,of,them,live,in,the,ocean,-s,in,salt,water,.,.,.,.,.,.
they,eat,small,sea,animal,-s,like,plankton,and,little,fish,.,.,.,.,.,.
they,float,in,the,sea,.,.,.,.,.,.,.,.,.,.,.,.
they,have,soft,bodies,and,long,stinging,venom,-ous,tentacle,-s,.,.,.,.,.,.
they,use,tentacle,-s,to,catch,their,prey,.,.,.,.,.,.,.,.,.
they,usually,eat,small,plankton,or,small,crustaceans,or,tiny,fish,.,.,.,.,.,.
some,jelly,fish,hunt,other,-s,by,stinging,cells,call,-ed,nematocyst,-s,.,.,.,.
most,jelly,fish,have,a,bell,shape,-d,body,.,.,.,.,.,.,.,.
tentacle,-s,are,long,arms,with,special,stinging,cells,call,-ed,cnidoblasts,.,.,.,.,.
these,contain,the,structure,of,the,nematocyst,in-,side,.,.,.,.,.,.,.,.
the,nematocyst,-s,are,pockets,in,the,tentacle,.,.,.,.,.,.,.,.,.
they,have,a,small,stinger,that,is,sea,led,with,a,cap,.,.,.,.,.
they,move,by,contracting,their,bodies,.,.,.,.,.,.,.,.,.,.,.
but,they,do,not,have,much,control,over,where,they,go,.,.,.,.,.,.
the,medusozoa,are,four,class,-es,of,the,cnidaria,.,.,.,.,.,.,.,.
there,are,many,type,-s,of,jelly,fish,.,.,.,.,.,.,.,.,.
the,small,-est,jelly,fish,are,just,a,few,centi,metres,across,.,.,.,.,.
the,large,-st,jelly,fish,is,the,lion,-s,mane,.,.,.,.,.,.,.
they,can,be,over,three,feet,across,with,much,long,-er,tentacle,-s,.,.,.,.
some,jelly,fish,glow,in,the,dark,.,.,.,.,.,.,.,.,.,.
some,of,the,most,danger,-ous,jelly,fish,include,the,box,jelly,and,the,tiny,irukandji,jelly
many,animal,-s,eat,jelly,fish,including,sea,turtles,and,some,fish,.,.,.,.,.
human,-s,eat,jelly,fish,too,.,.,.,.,.,.,.,.,.,.,.
jelly,fish,spoil,very,quickly,after,they,are,caught,.,.,.,.,.,.,.,.
some,time,-s,they,are,dried,to,preserve,them,.,.,.,.,.,.,.,.
or,they,are,clean,-ed,which,can,take,up,to,for,-ty,day,-s,.,.,.
most,jelly,fish,undergo,two,distinct,life,history,stage,-s,during,their,life,cycle,.,.,.
the,first,is,the,polypoid,stage,.,.,.,.,.,.,.,.,.,.,.
when,the,animal,take,-s,the,form,of,a,small,stalk,with,feed,-ing,tentacle,-s,.
very,often,this,polyp,is,attached,to,the,sea,floor,or,to,another,hard,surface,.,.
a,polyp,that,live,-s,that,way,is,call,-ed,sessile,.,.,.,.,.,.
in,some,case,-s,the,polyp,is,free,float,-ing,.,.,.,.,.,.,.
polyp,-s,genera,-l,-ly,have,a,mouth,surrounded,by,upward,facing,tentacle,-s,.,.,.
in,the,second,stage,the,tiny,polyp,-s,a-,sexually,produce,jelly,fish,.,.,.,.
each,of,these,is,know,-n,as,a,medusa,.,.,.,.,.,.,.,.
jelly,fish,re-,produce,both,sexually,and,a-,sexually,.,.,.,.,.,.,.,.
well,fed,adult,jelly,fish,spawn,daily,.,.,.,.,.,.,.,.,.,.
in,most,species,spawn,-ing,is,control,led,by,light,.,.,.,.,.,.,.
so,the,entire,population,spawn,-s,at,about,the,same,time,of,day,.,.,.,.
jelly,fish,are,usually,either,male,or,fe-,male,.,.,.,.,.,.,.,.
medusa,-e,have,a,radially,symmetric,umbrella,shape,-d,body,call,-ed,a,bell,.,.,.
this,is,usually,supplied,with,marginal,tentacle,-s,that,capture,prey,.,.,.,.,.,.
a,few,species,of,jelly,fish,do,not,have,the,polyp,portion,of,the,life,cycle,.
jelly,fish,eat,plankton,and,small,fish,.,.,.,.,.,.,.,.,.,.
they,catch,their,prey,using,venom,-ous,tentacle,-s,.,.,.,.,.,.,.,.
jelly,fish,may,live,in,symbiosis,with,algae,.,.,.,.,.,.,.,.,.
the,jelly,fish,transports,them,into,sun,light,.,.,.,.,.,.,.,.,.
they,get,nutrients,from,the,algae,-s,photosynthesis,.,.,.,.,.,.,.,.,.
medusozoa,-ns,differ,from,anthozoans,.,.,.,.,.,.,.,.,.,.,.,.
they,having,a,medusa,stage,in,their,life,cycle,.,.,.,.,.,.,.,.
their,mitochondrial,dna,molecules,are,linear,rather,than,circular,.,.,.,.,.,.,.,.
a,group,of,jelly,fish,is,call,-ed,a,current,.,.,.,.,.,.,.
the,jaguar,is,a,big,cat,of,the,genus,panthera,.,.,.,.,.,.,.
the,jaguar,is,the,third,large,-st,fe-,line,after,the,tiger,and,the,lion,.,.
be-,cause,of,its,spot,-s,jaguar,-s,look,like,leopards,.,.,.,.,.,.
but,jaguar,-s,are,large,-r,and,strong,-er,.,.,.,.,.,.,.,.
its,behavior,is,more,like,that,of,a,tiger,.,.,.,.,.,.,.,.
it,like,-s,to,stay,near,water,and,like,the,tiger,.,.,.,.,.,.
it,is,famous,for,being,a,big,cat,that,enjoy,-s,swimming,.,.,.,.,.
the,jaguar,has,a,very,power,-ful,strong,bit,-e,even,compared,to,other,big,cat,-s
jaguar,-s,kill,their,prey,in,an,unusual,way,.,.,.,.,.,.,.,.
jaguar,-s,have,yellow,orange,fur,with,brown,and,black,rosettes,and,spot,-s,.,.,.
some,time,-s,there,are,jaguar,-s,who,are,complete,-ly,black,.,.,.,.,.
if,you,look,close,-ly,you,can,still,see,the,spot,-s,.,.,.,.,.
they,are,call,-ed,black,panther,or,just,panther,.,.,.,.,.,.,.,.
jaguar,-s,live,in,south,america,and,central,america,.,.,.,.,.,.,.,.
jaguar,-s,are,not,specialized,with,their,food,but,eat,al-,most,any,thing,they,get,.
it,is,an,ambush,predator,.,.,.,.,.,.,.,.,.,.,.,.
when,hunt,-ing,they,usually,try,to,secretly,get,very,close,to,the,prey,.,.,.
the,jaguar,suddenly,jump,-s,at,it,and,throws,it,down,.,.,.,.,.,.
the,jaguar,bite,-s,the,skull,of,its,prey,to,kill,it,.,.,.,.,.
the,pregnancy,last,-s,about,one,hundred,day,-s,.,.,.,.,.,.,.,.
the,fe-,male,give,-s,birth,to,usually,one,to,four,babies,.,.,.,.,.
a,kangaroo,is,an,australia,-n,marsupial,.,.,.,.,.,.,.,.,.,.
it,be-,long,-s,to,the,genus,macropus,.,.,.,.,.,.,.,.,.
the,common,name,kangaroo,is,use,-d,for,the,four,large,species,.,.,.,.,.
there,are,another,fifty,species,of,small,-er,macropod,-s,.,.,.,.,.,.,.
the,kangaroo,-s,are,common,in,australia,and,can,also,be,found,in,new,guinea,.,.
there,are,four,living,species,of,kangaroo,-s,.,.,.,.,.,.,.,.,.
the,kangaroo,has,an,under,develop,-ed,placenta,.,.,.,.,.,.,.,.,.
they,carry,their,young,in,their,sack,after,birth,.,.,.,.,.,.,.,.
baby,kangaroo,-s,are,born,pre-,mature,.,.,.,.,.,.,.,.,.,.
it,was,found,in,south,australia,.,.,.,.,.,.,.,.,.,.,.
the,fossil,could,not,be,identified,any,further,.,.,.,.,.,.,.,.,.
kangaroo,-s,hop,to,move,a-,round,quickly,.,.,.,.,.,.,.,.,.
they,walk,on,two,or,four,legs,while,moving,slow,-ly,.,.,.,.,.,.
they,can,not,walk,in,any,direct,-ion,and,can,not,hop,backwards,.,.,.,.
they,can,hop,or,jump,as,far,as,about,three,time,-s,their,own,height,.,.
they,can,also,swim,if,necessary,.,.,.,.,.,.,.,.,.,.,.
the,kangaroo,is,a,herbivore,.,.,.,.,.,.,.,.,.,.,.,.
they,main,-ly,eat,grass,.,.,.,.,.,.,.,.,.,.,.,.
some,species,also,eat,shrubs,.,.,.,.,.,.,.,.,.,.,.,.
kangaroo,-s,are,marsupial,-s,.,.,.,.,.,.,.,.,.,.,.,.
baby,kangaroo,-s,are,call,-ed,joeys,.,.,.,.,.,.,.,.,.,.
kangaroo,-s,live,in,large,group,-s,call,-ed,mobs,.,.,.,.,.,.,.
they,are,most,-ly,found,in,australia,.,.,.,.,.,.,.,.,.,.
australia,-n,-s,see,it,as,a,national,symbol,.,.,.,.,.,.,.,.
the,kangaroo,is,feature,-d,hold,-ing,the,australia,-n,coat,of,arms,.,.,.,.
the,australia,-n,air,line,qantas,use,-s,the,kangaroo,as,its,emblem,.,.,.,.
kangaroo,-s,can,be,danger,-ous,be-,cause,of,their,power,-ful,legs,.,.,.,.
they,can,lean,back,on,their,tail,-s,to,deliver,power,-ful,kick,-s,.,.,.
the,kangaroo,was,able,to,hold,the,dog,under,water,near,-ly,drowning,it,.,.,.
the,kangaroo,gave,the,man,several,big,kick,-s,.,.,.,.,.,.,.,.
he,was,able,to,grab,his,dog,and,escape,from,the,dam,.,.,.,.,.
the,word,kangaroo,is,an,australia,-n,ab-,original,word,.,.,.,.,.,.,.
the,word,was,record,-ed,by,captain,james,cook,.,.,.,.,.,.,.,.
it,was,the,name,for,the,grey,kangaroo,macropus,robustus,.,.,.,.,.,.,.
cook,-s,ship,had,been,dam,age,-d,on,coral,on,the,great,barrier,reef,.,.
it,took,seven,weeks,for,the,ship,to,be,re-,pair,-ed,.,.,.,.,.
kangaroo,move,-s,by,hopping,.,.,.,.,.,.,.,.,.,.,.,.
when,arthur,phillip,and,the,first,fleet,arrived,in,sydney,.,.,.,.,.,.,.
they,were,surprise,-d,that,the,aborigines,did,not,know,the,word,kangaroo,.,.,.,.
there,was,a,now,extinct,family,of,giant,kangaroo,-s,the,sthenurinae,.,.,.,.,.
they,were,adapt,-ed,for,browsing,in,wood,land,area,-s,rather,than,open,grass,land,.
the,large,-st,had,an,estimated,body,mass,of,two,hundred,and,for,-ty,kg,.,.
which,is,al-,most,three,time,-s,the,weight,of,the,large,-st,living,kangaroo,-s,.
probably,they,move,-d,at,slow,-er,speed,-s,since,hopping,was,not,possible,.,.,.
they,would,have,move,-d,by,striding,.,.,.,.,.,.,.,.,.,.
new,guinea,is,the,large,island,close,to,australia,.,.,.,.,.,.,.,.
it,has,been,divided,into,papua,new,guinea,and,papua,and,west,irian,.,.,.,.
the,lion,is,a,large,mammal,of,the,felidae,family,.,.,.,.,.,.,.
some,large,male,-s,weigh,over,two,hundred,and,fifty,kg,.,.,.,.,.,.
today,wild,lion,-s,live,in,sub,saharan,africa,and,west,-ern,india,.,.,.,.
lion,-s,have,dis-,appear,-ed,from,north,africa,and,south,west,asia,in,historic,time,-s
they,were,found,in,most,of,africa,across,eurasia,.,.,.,.,.,.,.,.
from,west,-ern,europe,to,india,and,in,the,america,-s,from,the,yukon,to,peru,.
the,lion,is,now,a,vulnerable,species,.,.,.,.,.,.,.,.,.,.
lion,-s,are,often,call,-ed,the,king,of,the,beast,-s,.,.,.,.,.
they,are,use,-d,as,symbol,-s,representing,courage,.,.,.,.,.,.,.,.
they,appear,in,heraldry,more,often,than,any,other,animal,.,.,.,.,.,.,.
lion,-s,live,for,ten,to,fourteen,year,-s,in,the,wild,.,.,.,.,.
when,they,are,capture,-d,they,can,live,long,-er,than,twenty,year,-s,.,.,.
in,the,wild,male,-s,do,not,usually,live,long,-er,than,ten,year,-s,.,.
this,is,be-,cause,wounds,from,fight,-ing,other,male,-s,make,their,live,-s,short,-er
they,usually,live,in,savanna,and,grass,land,.,.,.,.,.,.,.,.,.
these,area,-s,do,have,bush,-es,and,tree,-s,.,.,.,.,.,.,.
lion,-s,are,main,-ly,adapt,-ed,to,catch,prey,in,grass,land,-s,.,.,.
compared,to,other,cat,-s,lion,-s,are,social,.,.,.,.,.,.,.,.
a,group,of,lion,-s,is,call,-ed,a,pride,.,.,.,.,.,.,.
lion,-s,are,carnivores,and,scavenge,-rs,.,.,.,.,.,.,.,.,.,.
they,are,also,apex,predator,-s,.,.,.,.,.,.,.,.,.,.,.
the,word,lion,come,-s,from,the,latin,word,leo,.,.,.,.,.,.,.
the,latin,word,itself,is,derived,from,the,greek,word,leo,-n,.,.,.,.,.
both,word,-s,original,-ly,came,from,even,old,-er,language,-s,.,.,.,.,.
they,have,long,retractable,claws,which,help,the,lion,to,grab,and,hold,prey,.,.,.
they,also,have,a,rough,tongue,.,.,.,.,.,.,.,.,.,.,.
there,are,a-,round,thirty,thousand,lion,-s,left,in,the,wild,in,africa,.,.,.
only,three,hundred,and,fifty,lion,-s,are,left,in,asia,.,.,.,.,.,.
lion,-s,hunt,many,animal,-s,such,as,gnus,and,antelopes,.,.,.,.,.,.
male,lion,-s,usually,weigh,between,one,hundred,and,fifty,and,two,hundred,and,fifty,kg,.
large,lion,-s,have,reach,-ed,two,hundred,and,fifty,to,two,hundred,and,seven,-ty,kg
fe-,male,-s,are,usually,one,hundred,and,twenty,to,one,hundred,and,eight,-y,two,kg
mature,male,lion,-s,are,the,only,cat,-s,with,a,mane,.,.,.,.,.
lion,-s,live,in,group,-s,that,are,call,-ed,pride,-s,.,.,.,.,.
about,ten,to,for,-ty,lion,-s,may,live,in,a,pride,.,.,.,.,.
each,pride,has,a,home,area,that,is,call,-ed,a,territory,.,.,.,.,.
lion,-s,do,not,allow,other,carnivores,to,hunt,in,their,territory,.,.,.,.,.
the,lion,-s,roar,is,unique,in,each,individual,.,.,.,.,.,.,.,.
it,is,use,-d,for,territorial,mark,-ing,.,.,.,.,.,.,.,.,.
the,roar,also,war,-ns,off,other,lion,-s,in,separate,pride,-s,.,.,.,.
this,how,ever,is,usually,carried,out,by,competing,male,-s,.,.,.,.,.,.
other,male,lion,-s,will,challenge,the,alpha,of,the,pride,to,a,fight,.,.,.
if,they,win,they,take,their,spot,of,dominance,.,.,.,.,.,.,.,.
lion,-s,are,not,built,for,extreme,speed,as,cheetahs,are,but,hunt,in,pack,-s,.
this,is,unusual,in,cat,-s,.,.,.,.,.,.,.,.,.,.,.
the,fe-,male,-s,usually,do,the,hunt,-ing,for,the,pride,.,.,.,.,.
how,ever,the,male,-s,can,some,time,-s,help,.,.,.,.,.,.,.
lion,-s,also,have,a,variety,of,vocalizations,.,.,.,.,.,.,.,.,.
young,lion,-s,are,call,-ed,cub,-s,.,.,.,.,.,.,.,.,.
the,cub,-s,are,born,blind,.,.,.,.,.,.,.,.,.,.,.
lion,-s,do,not,have,a,permanent,den,.,.,.,.,.,.,.,.,.
the,lion,-ess,conceals,the,cub,-s,in,thick,bush,gullies,.,.,.,.,.,.
if,the,hiding,place,has,been,see,-n,by,other,predator,-s,.,.,.,.,.
the,lion,-ess,will,move,the,cub,-s,to,a,new,hiding,place,.,.,.,.
the,cub,-s,will,be,introduce,-d,to,the,pride,at,about,six,weeks,old,.,.
the,cub,-s,are,very,vulnerable,when,the,lion,-ess,goes,out,to,hunt,.,.,.
the,cub,-s,mother,-s,will,the,-n,mate,with,the,new,pride,male,.,.,.
this,mean,-s,that,the,first,batch,of,new,cub,-s,will,be,his,off,spring,.
in,zoos,lion,-s,have,been,know,-n,to,breed,with,tiger,-s,.,.,.,.
lion,-s,appear,in,heraldry,more,often,than,any,other,animal,.,.,.,.,.,.
media,related,to,lion,at,wikimedia,common,-s,.,.,.,.,.,.,.,.,.
monkey,-s,are,tree,dwelling,simians,.,.,.,.,.,.,.,.,.,.,.
they,are,in,the,primate,order,.,.,.,.,.,.,.,.,.,.,.
monkey,-s,are,intelligent,social,animal,-s,.,.,.,.,.,.,.,.,.,.
the,word,monkey,is,a,common,language,term,.,.,.,.,.,.,.,.,.
it,include,-s,two,different,group,-s,of,primate,-s,.,.,.,.,.,.,.
the,big,differ,-ence,is,between,old,world,monkey,-s,and,new,world,monkey,-s,.,.
both,group,-s,are,in,the,infraorder,simiiformes,.,.,.,.,.,.,.,.,.
new,world,monkey,-s,appear,-ed,rough,-ly,thirty,million,year,-s,ago,.,.,.,.
some,monkey,-s,live,al-,most,entire,-ly,in,tree,-s,.,.,.,.,.,.
other,-s,live,part,-ly,on,the,ground,.,.,.,.,.,.,.,.,.
monkey,-s,are,main,-ly,vegetarian,with,a,strong,prefer,-ence,for,fruit,.,.,.,.
how,ever,they,may,eat,a,wide,range,of,other,food,such,as,insects,.,.,.
monkey,-s,can,live,in,forest,-s,and,savanna,-h,-s,but,not,in,desert,-s,.
some,can,live,in,snow,-y,mountain,-s,but,more,live,in,rain,forest,-s,.,.
there,are,non,-e,in,the,rain,forest,-s,of,australia,and,new,guinea,.,.,.
some,monkey,-s,are,small,about,fifteen,cm,long,and,one,hundred,and,twenty,gm,in,weight
other,monkey,-s,are,much,large,-r,about,one,m,long,and,thirty,five,kg,in,weight
the,two,group,-s,of,monkey,-s,live,in,different,place,-s,.,.,.,.,.
new,world,monkey,-s,are,often,small,-er,than,old,world,monkey,-s,.,.,.,.
monkey,-s,have,long,arms,and,legs,to,help,them,swing,from,tree,-s,.,.,.
the,monkey,-s,often,climb,with,the,help,of,their,tail,-s,.,.,.,.,.
the,small,-est,know,-n,monkey,is,the,pygmy,marmoset,.,.,.,.,.,.,.
it,is,between,fourteen,cm,and,sixteen,cm,in,size,.,.,.,.,.,.,.
it,weigh,-s,about,one,hundred,and,twenty,g,.,.,.,.,.,.,.,.
it,live,-s,in,the,treetops,of,rain,forest,-s,in,brazil,colombia,and,ecuador,.,.
the,large,-st,know,-n,monkey,is,the,mandrill,.,.,.,.,.,.,.,.
it,can,grow,to,about,one,m,in,size,.,.,.,.,.,.,.,.
the,word,monkey,might,have,come,from,a,popular,german,story,roman,de,renart,.,.,.
in,africa,monkey,-s,can,be,sold,as,bush,meat,.,.,.,.,.,.,.
mammal,-s,are,in,the,class,mammal,-ia,.,.,.,.,.,.,.,.,.
they,are,a,group,of,vertebrate,animal,-s,.,.,.,.,.,.,.,.,.
with,the,except,-ion,of,the,monotremes,all,mammal,-s,bear,live,young,.,.,.,.
they,are,the,only,vertebrate,-s,that,produce,milk,for,their,young,through,their,mammary,glands,.
mammal,-s,be-,came,the,dominant,land,animal,-s,after,non,bird,dinosaurs,were,eliminated,.,.
recent,work,help,-ed,to,explain,their,success,.,.,.,.,.,.,.,.,.
most,marsupial,and,eutherian,mammal,-s,have,a,reproductive,cycle,know,-n,as,the,oestrous,cycle,.
if,an,ovum,is,not,fertilized,the,endometrium,is,resorbed,.,.,.,.,.,.,.
oestrus,cycle,-s,may,occur,once,or,twice,a,year,or,many,time,-s,a,year,.
human,-s,and,primate,-s,are,quite,different,.,.,.,.,.,.,.,.,.
they,have,a,menstrual,cycle,.,.,.,.,.,.,.,.,.,.,.,.
in,this,case,fe-,male,-s,are,sexually,receptive,at,any,time,.,.,.,.,.
but,they,are,only,fertile,when,an,ovum,is,release,-d,from,an,ovary,.,.,.
in,this,case,the,endometrium,is,discarded,.,.,.,.,.,.,.,.,.,.
this,ovulation,is,concealed,mean,-ing,it,is,not,obvious,when,it,occur,-s,.,.,.
this,process,tend,-s,to,keep,the,male,and,fe-,male,together,.,.,.,.,.
this,is,unusual,in,mammal,-s,with,the,oestrous,cycle,.,.,.,.,.,.,.
one,diagnostic,feature,of,mammal,-s,is,the,low,-er,jaw,.,.,.,.,.,.
un-,like,earlier,form,-s,it,is,a,single,bone,the,dentary,.,.,.,.,.
another,diagnostic,feature,is,the,ear,ossicles,.,.,.,.,.,.,.,.,.,.
mammal,-s,have,three,little,bone,-s,in,their,inner,ear,.,.,.,.,.,.
another,diagnostic,feature,is,the,neocortex,of,the,brain,which,no,other,vertebrate,has,.,.,.
this,is,involved,in,the,kind,of,flexible,behaviour,and,learn,-ing,typical,of,mammal,-s,.
reptiles,and,bird,-s,have,much,of,their,behaviour,control,led,by,inherited,behaviour,chains,.,.
this,rough,-ly,translates,as,instinct,-s,.,.,.,.,.,.,.,.,.,.
play,is,a,kind,of,early,learn,-ing,period,in,which,mammal,-s,develop,necessaary,life,skills
the,emotions,of,mammal,-s,are,very,noticeable,and,rather,similar,to,ours,.,.,.,.
it,is,possible,and,quite,common,for,human,-s,to,have,a,friendly,relationship,with,another,mammal
once,most,mammal,-s,were,nocturnal,.,.,.,.,.,.,.,.,.,.,.
today,many,are,still,nocturnal,.,.,.,.,.,.,.,.,.,.,.,.
primate,-s,sleep,at,night,in,tree,-s,.,.,.,.,.,.,.,.,.
they,come,out,onto,the,grass,land,in,the,day,time,.,.,.,.,.,.
there,are,about,fifty,characters,which,are,typical,of,mammal,-s,.,.,.,.,.,.
a,few,more,example,-s,will,make,it,clear,.,.,.,.,.,.,.,.
mammal,-s,are,very,different,from,reptiles,and,bird,-s,.,.,.,.,.,.,.
there,are,only,five,species,that,lay,egg,-s,.,.,.,.,.,.,.,.
the,duck,billed,platypus,ornithorhynchus,and,four,species,of,spiny,anteater,echidna,.,.,.,.,.
by,number,of,species,mammal,-s,are,not,the,most,success,-ful,vertebrate,-s,.,.,.
bird,-s,with,about,ten,thousand,species,have,near,-ly,twice,as,many,species,.,.,.
reptiles,have,just,as,many,species,as,bird,-s,.,.,.,.,.,.,.,.
fish,have,even,more,species,.,.,.,.,.,.,.,.,.,.,.,.
there,are,twenty,seven,thousand,species,of,fish,.,.,.,.,.,.,.,.,.
of,this,near,-ly,twenty,six,thousand,are,bony,fish,.,.,.,.,.,.,.
most,zoologists,regard,mammal,-s,as,a,success,-ful,group,of,animal,-s,.,.,.,.
one,reason,is,that,they,are,success,-ful,in,all,habitat,-s,on,earth,.,.,.
in,the,air,the,bats,are,the,mammal,-ia,-n,order,with,the,most,species,.,.
they,own,the,night,time,since,bird,-s,are,large,-ly,diurnal,animal,-s,.,.,.
sea,going,mammal,-s,are,very,success,-ful,and,significant,predator,-s,.,.,.,.,.
the,terrestrial,mammal,-s,are,few,-er,in,number,of,species,than,lizard,-s,.,.,.
but,they,are,huge,in,individual,number,-s,.,.,.,.,.,.,.,.,.
they,are,far,more,important,in,the,life,of,the,terrestrial,biomes,.,.,.,.,.
many,mammal,-s,live,in,cold,place,-s,.,.,.,.,.,.,.,.,.
these,mammal,-s,have,thick,hair,or,blubber,to,keep,them,warm,.,.,.,.,.
other,-s,may,live,in,rain,forest,-s,.,.,.,.,.,.,.,.,.
last,but,certain,-ly,not,least,are,the,primate,-s,.,.,.,.,.,.,.
their,natural,habitat,with,few,except,-ion,-s,are,the,forest,-s,.,.,.,.,.
most,live,in,the,tree,-s,with,hand,-s,that,grasp,good,colour,vision,and,intelligence,.
some,move,-d,out,onto,the,savanna,-s,as,grass,land,re-,place,-d,forest,-s,.
the,evolution,-ary,relationship,-s,among,land,vertebrate,-s,is,as,follow,-s,.,.,.,.
it,is,based,on,living,animal,-s,.,.,.,.,.,.,.,.,.,.
mammal,-s,can,be,divided,in,a,number,of,order,-s,.,.,.,.,.,.
newt,-s,or,eft,-s,are,small,amphibia,.,.,.,.,.,.,.,.,.
they,are,in,a,sub,family,of,the,salamanders,.,.,.,.,.,.,.,.
fe-,male,-s,lay,egg,-s,and,leave,them,.,.,.,.,.,.,.,.
newt,-s,have,three,life,stage,-s,.,.,.,.,.,.,.,.,.,.
first,as,a,tiny,aquatic,larva,which,gradually,under,goes,metamorphosis,.,.,.,.,.,.
the,-n,they,leave,the,water,for,a,year,as,a,juvenile,call,-ed,an,eft,.
in,some,species,the,adult,-s,stay,in,water,for,the,rest,of,their,live,-s,.
many,newt,-s,produce,toxins,in,their,skin,secretions,as,a,defence,against,predator,-s,.,.
taricha,newt,-s,of,west,-ern,north,america,are,particularly,toxic,.,.,.,.,.,.
or,allow,-ed,to,come,in,contact,with,mucous,membranes,or,break,-s,in,the,skin,.
after,handling,proper,hand,washing,techniques,should,be,follow,-ed,.,.,.,.,.,.,.
this,is,due,to,the,risk,from,the,toxins,they,produce,.,.,.,.,.,.
the,term,newt,has,traditional,-ly,been,use,-d,as,a,functional,term,for,water,salamanders,.
the,relationship,between,the,genera,has,been,un-,certain,.,.,.,.,.,.,.,.
though,they,may,be,a,natural,systematic,unit,.,.,.,.,.,.,.,.,.
new,-er,molecular,analysis,ten,-d,to,suggest,they,actual,-ly,do,form,a,clade,.,.
newt,-s,only,appear,in,one,sub,family,of,salamanders,the,pleurodelinae,.,.,.,.,.
nudibranch,-s,are,a,wide,spread,and,success,-ful,group,of,marine,gastropod,mollusc,-s,.,.
the,name,mean,-s,naked,gills,.,.,.,.,.,.,.,.,.,.,.
they,are,shell,-ess,and,uncoiled,gastropod,-s,.,.,.,.,.,.,.,.,.
they,are,famous,for,their,very,brilliant,colour,-s,.,.,.,.,.,.,.,.
nudibranch,-s,are,in-,formal,-ly,know,-n,as,sea,slugs,.,.,.,.,.,.
sea,slugs,is,an,in-,form,-al,term,.,.,.,.,.,.,.,.,.
the,body,form,-s,of,nudibranch,-s,vary,great,-ly,.,.,.,.,.,.,.
un-,like,most,other,gastropod,-s,they,are,bilaterally,symmetric,-al,.,.,.,.,.,.
they,have,under,gone,second,-ary,detorsion,.,.,.,.,.,.,.,.,.,.
most,species,have,venom,-ous,appendages,on,their,side,-s,.,.,.,.,.,.,.
these,are,use,-d,to,deter,predator,-s,.,.,.,.,.,.,.,.,.
unusual,-ly,for,mollusc,-s,they,lack,a,mantle,cavity,.,.,.,.,.,.,.
most,nudibranch,-s,are,carnivorous,.,.,.,.,.,.,.,.,.,.,.,.
some,feed,on,sponges,.,.,.,.,.,.,.,.,.,.,.,.,.
other,-s,feed,on,polyp,-s,.,.,.,.,.,.,.,.,.,.,.
some,eat,other,sea,slugs,.,.,.,.,.,.,.,.,.,.,.,.
on,some,occasions,member,-s,some,eat,their,own,species,.,.,.,.,.,.,.
the,surface,dwelling,nudibranch,is,a,special,-ist,predator,of,jelly,fish,.,.,.,.,.
this,predator,-y,mollusc,sucks,air,into,its,stomach,.,.,.,.,.,.,.,.
this,keep,-s,it,a-,float,.,.,.,.,.,.,.,.,.,.,.
it,clings,to,the,surface,film,using,its,muscular,foot,.,.,.,.,.,.,.
it,simply,envelops,its,small,prey,with,with,its,large,mouth,.,.,.,.,.,.
like,some,other,-s,of,its,kind,glaucus,doe,-s,not,digest,the,nematocyst,-s,.,.
among,this,group,can,be,found,the,most,colour,-ful,creature,-s,on,earth,.,.,.
in,the,course,of,evolution,sea,slugs,have,lost,their,shell,.,.,.,.,.,.
they,have,develop,-ed,other,defence,mechanisms,.,.,.,.,.,.,.,.,.,.
their,anatomy,may,resemble,the,texture,and,color,of,the,surrounding,plant,-s,.,.,.,.
this,give,-s,them,camouflage,.,.,.,.,.,.,.,.,.,.,.,.
nudibranch,-s,that,feed,on,hydroids,can,store,the,hydroids,nematocyst,-s,in,the,dorsal,body,wall
the,nematocyst,-s,wander,through,the,alimentary,can,-al,with,out,harming,the,nudibranch,.,.,.
the,-n,the,cells,are,brought,to,specific,place,-s,on,the,creature,-s,hind,body,.
nudibranch,-es,can,protect,themselves,from,the,hydroids,and,their,nematocyst,-s,.,.,.,.,.
it,is,not,yet,clear,.,.,.,.,.,.,.,.,.,.,.,.
special,cells,with,large,vacuoles,probably,play,an,important,role,.,.,.,.,.,.,.
another,method,of,protect,-ion,is,the,release,of,a,sour,liquid,from,the,skin,.,.
the,taxonomy,of,the,nudibranch,-ia,is,still,under,investigation,.,.,.,.,.,.,.
the,nudibranch,-s,are,common,-ly,divided,into,two,main,type,-s,.,.,.,.,.
orangutan,-s,are,great,apes,.,.,.,.,.,.,.,.,.,.,.,.
they,live,in,the,rain,forest,-s,of,indonesia,and,malaysia,.,.,.,.,.,.
there,are,two,species,of,orangutan,.,.,.,.,.,.,.,.,.,.,.
they,are,from,south,east,asia,.,.,.,.,.,.,.,.,.,.,.
there,are,very,few,of,them,left,.,.,.,.,.,.,.,.,.,.
loss,of,the,jungle,has,reduced,their,habitat,.,.,.,.,.,.,.,.,.
the,name,orangutan,come,-s,from,two,malay,word,-s,.,.,.,.,.,.,.
orangutan,-s,have,red,brown,hair,.,.,.,.,.,.,.,.,.,.,.
they,have,long,arms,and,short,legs,.,.,.,.,.,.,.,.,.,.
they,can,be,strong,like,chimpanzees,gorillas,and,human,-s,.,.,.,.,.,.,.
they,also,have,hand,-s,that,are,good,for,climb,-ing,.,.,.,.,.,.
the,sumatran,orangutan,is,small,-er,.,.,.,.,.,.,.,.,.,.,.
it,has,long,-er,hair,than,the,bornean,orangutan,.,.,.,.,.,.,.,.
orangutan,-s,are,from,the,rain,forest,-s,in,south,east,asia,.,.,.,.,.
they,most,-ly,live,up,in,the,tree,-s,.,.,.,.,.,.,.,.
they,eat,fruit,leave,-s,and,bark,and,also,insects,and,bird,egg,-s,.,.,.
they,drink,water,from,rain,that,has,been,collect,-ed,in,leave,-s,.,.,.,.
orangutan,-s,are,not,comfortable,on,the,ground,.,.,.,.,.,.,.,.,.
they,have,to,push,themselves,a-,long,with,fists,.,.,.,.,.,.,.,.
heavy,adult,-s,move,care,full,-y,through,the,tree,-s,.,.,.,.,.,.
they,use,their,flexible,feet,to,grasp,the,tree,branch,-es,.,.,.,.,.,.
an,orangutan,-s,diet,consists,main,-ly,of,fruit,they,like,ripe,fruit,.,.,.,.
if,they,can,not,find,fruit,they,will,eat,bark,leave,-s,and,termite,-s,.,.
the,little,one,-s,stay,with,their,mother,for,year,-s,.,.,.,.,.,.
they,learn,to,move,through,the,forest,.,.,.,.,.,.,.,.,.,.
the,young,orangutan,-s,are,play,-ful,and,affectionate,.,.,.,.,.,.,.,.
they,can,weigh,from,twenty,nine,kilograms,to,nine,-ty,kilograms,.,.,.,.,.,.
puma,-s,are,main,-ly,tan,in,color,.,.,.,.,.,.,.,.,.
they,are,also,call,-ed,mountain,lion,-s,.,.,.,.,.,.,.,.,.
most,puma,-s,live,up,to,twenty,one,year,-s,.,.,.,.,.,.,.
un-,like,the,big,cat,-s,panthera,the,puma,can,not,roar,.,.,.,.,.
instead,it,can,grow,-l,his,-s,screech,and,purr,.,.,.,.,.,.,.
puma,-s,are,carnivores,be-,cause,they,eat,only,meat,.,.,.,.,.,.,.
puma,-s,are,apex,predator,-s,.,.,.,.,.,.,.,.,.,.,.
they,prey,on,deer,elk,and,big,horn,.,.,.,.,.,.,.,.,.
they,can,also,prey,on,mice,and,skunks,.,.,.,.,.,.,.,.,.
they,will,some,time,-s,prey,on,live,stock,too,.,.,.,.,.,.,.
they,hunt,at,night,.,.,.,.,.,.,.,.,.,.,.,.,.
cougar,-s,can,see,better,at,night,than,people,can,.,.,.,.,.,.,.
they,can,hear,well,too,.,.,.,.,.,.,.,.,.,.,.,.
puma,-s,stalk,their,prey,.,.,.,.,.,.,.,.,.,.,.,.
this,mean,-s,they,walk,slow,-ly,and,quiet,-ly,.,.,.,.,.,.,.
they,hide,and,when,close,they,jump,or,run,fast,to,catch,their,prey,by,surprise,.
they,live,and,hunt,alone,.,.,.,.,.,.,.,.,.,.,.,.
fe-,male,cougar,-s,take,care,of,their,babies,.,.,.,.,.,.,.,.
puma,-s,live,in,the,mountain,-s,and,forest,-s,.,.,.,.,.,.,.
how,ever,encounter,-s,with,human,-s,happen,some,time,-s,.,.,.,.,.,.
how,ever,many,more,cougar,-s,have,been,kill,-ed,by,human,-s,.,.,.,.
recent,sight,-ings,of,cougar,-s,have,been,reported,.,.,.,.,.,.,.,.
pig,-s,or,domestic,pig,-s,are,mammal,-s,.,.,.,.,.,.,.,.
the,babirusa,and,the,warthog,are,related,but,out,side,the,genus,.,.,.,.,.
pig,-s,like,all,suids,are,native,to,the,old,world,.,.,.,.,.,.
baby,pig,-s,are,call,-ed,pig,lets,or,pups,.,.,.,.,.,.,.
pig,-s,are,omnivores,and,are,very,social,and,intelligent,animal,-s,.,.,.,.,.
the,flesh,of,domestic,pig,-s,is,eat,-en,as,food,and,is,call,-ed,pork,.
domestic,pig,-s,come,in,different,colour,-s,shape,-s,and,size,-s,.,.,.,.
pig,-s,roll,in,mud,to,protect,themselves,from,sun,light,.,.,.,.,.,.
many,people,think,that,pig,-s,are,dirt,-y,and,smell,.,.,.,.,.,.
this,also,help,-s,to,keep,their,skin,moist,an,.,.,.,.,.,.,.
this,also,lower,-s,their,body,temperature,on,hot,day,-s,.,.,.,.,.,.
pig,-s,are,smart,animal,-s,.,.,.,.,.,.,.,.,.,.,.
they,are,even,able,to,learn,how,to,play,video,game,-s,.,.,.,.,.
pig,-s,are,common,-ly,use,-d,as,work,-ing,animal,-s,.,.,.,.,.
they,are,use,-d,to,hunt,for,truffles,pull,carts,and,sniff,out,landmines,.,.,.
pig,-s,need,a,warm,clean,area,under,a,roof,to,sleep,.,.,.,.,.
and,they,should,not,be,crowded,.,.,.,.,.,.,.,.,.,.,.
they,need,to,be,checked,for,sickness,regular,-ly,.,.,.,.,.,.,.,.
pig,-s,need,lot,-s,of,water,.,.,.,.,.,.,.,.,.,.
over,half,their,body,weight,is,made,up,of,water,.,.,.,.,.,.,.
pig,-s,should,be,give,-n,all,the,feed,they,will,eat,.,.,.,.,.
the,feed,is,usually,four,to,five,pounds,a,day,for,adult,pig,-s,.,.,.
pig,-s,can,be,found,through,out,the,world,living,on,farm,-s,.,.,.,.
the,possum,is,an,australasian,marsupial,.,.,.,.,.,.,.,.,.,.,.
it,was,late,-r,introduce,-d,to,china,and,new,zealand,.,.,.,.,.,.
possum,-s,are,member,-s,of,the,phalangeriformes,.,.,.,.,.,.,.,.,.
possum,-s,are,native,to,australia,and,are,protect,-ed,there,.,.,.,.,.,.
possum,-s,spend,the,first,four,month,-s,of,their,live,-s,in,their,mother,-s,pouch
they,are,nocturnal,and,at,least,part,-ly,arboreal,.,.,.,.,.,.,.,.
some,of,the,small,-er,species,are,glide,-rs,.,.,.,.,.,.,.,.
they,have,sharp,claws,and,a,keen,sense,of,smell,.,.,.,.,.,.,.
the,first,possum,-s,were,brought,to,new,zealand,from,australia,.,.,.,.,.,.
in,new,zealand,possum,-s,have,no,natural,enemies,so,possum,number,-s,increased,quickly,.,.
it,is,thought,of,as,a,pest,in,new,zealand,.,.,.,.,.,.,.
data,related,to,phalangeriformes,at,wikispecies,.,.,.,.,.,.,.,.,.,.,.
the,quokka,is,a,small,marsupial,about,the,size,of,a,large,cat,.,.,.,.
the,quokka,eat,-s,grass,and,small,plant,-s,.,.,.,.,.,.,.,.
it,is,main,-ly,nocturnal,.,.,.,.,.,.,.,.,.,.,.,.
it,live,-s,on,some,small,island,-s,off,the,coast,of,west,-ern,australia,.,.
a,small,number,live,on,the,main,land,in,the,protect,-ed,area,-s,.,.,.
the,quokka,weigh,-s,between,two,point,five,kg,and,five,kg,.,.,.,.,.
it,is,a-,round,fifty,cm,long,with,a,thirty,cm,tail,.,.,.,.,.
this,is,short,for,a,macropod,.,.,.,.,.,.,.,.,.,.,.
it,has,a,solid,build,round,-ed,ear,-s,and,a,short,broad,head,.,.,.
it,has,rough,fur,which,is,a,brown,colour,fading,to,pale,brown,underneath,.,.,.
the,quokka,eat,-s,a,small,amount,of,its,waste,product,-s,.,.,.,.,.
the,quokka,is,a,social,animal,and,live,-s,in,large,group,-s,.,.,.,.
they,eat,grass,sedges,succulents,and,leave,-s,.,.,.,.,.,.,.,.,.
they,can,be-,come,very,sick,if,fed,with,thing,-s,like,bread,.,.,.,.
visitors,are,now,told,not,to,feed,them,.,.,.,.,.,.,.,.,.
quokka,-s,breed,at,any,time,on,the,main,land,but,usually,in,late,summer,on,rottnest
quokka,-s,are,not,scared,of,people,.,.,.,.,.,.,.,.,.,.
so,you,are,able,to,get,quite,close,to,them,particularly,on,rottnest,island,.,.,.
there,are,a,lot,of,quokka,-s,living,on,the,small,offshore,island,-s,.,.,.
be-,cause,this,is,only,a,small,area,they,are,listed,as,vulnerable,.,.,.,.
on,the,main,land,they,are,attack,-ed,by,dingoes,cat,-s,and,dog,-s,.,.
they,also,need,thick,ground,cover,for,shelter,.,.,.,.,.,.,.,.,.
the,quokka,was,one,of,the,first,australia,-n,mammal,-s,see,-n,by,europeans,.,.
old,world,quail,are,in,the,family,phasianidae,.,.,.,.,.,.,.,.,.
new,world,quail,are,found,in,the,family,odontophoridae,.,.,.,.,.,.,.,.
many,of,the,common,large,-r,species,are,farm,raise,-d,.,.,.,.,.,.
they,are,also,hunt,-ed,on,game,farm,-s,.,.,.,.,.,.,.,.
a,rhinoceros,is,any,animal,in,the,family,rhinocerotidae,.,.,.,.,.,.,.,.
they,are,in,the,order,perissodactyla,or,odd,toed,ungulate,-s,.,.,.,.,.,.
there,are,five,living,species,.,.,.,.,.,.,.,.,.,.,.,.
two,of,these,species,are,native,to,africa,.,.,.,.,.,.,.,.,.
all,five,rhinoceros,species,are,native,to,africa,or,asia,.,.,.,.,.,.,.
the,two,species,in,africa,are,the,white,rhinoceros,and,the,black,rhinoceros,.,.,.,.
the,rhinoceros,is,a,herbivore,.,.,.,.,.,.,.,.,.,.,.,.
rhinoceros,-es,have,a,large,horn,on,the,nose,.,.,.,.,.,.,.,.
their,horn,-s,are,not,like,those,of,other,horn,-ed,mammal,-s,.,.,.,.
only,the,white,rhinoceros,is,not,in,critical,danger,of,becoming,extinct,.,.,.,.,.
they,are,protect,-ed,but,hunt,-ed,main,-ly,by,poachers,for,their,horn,-s,.,.
the,horn,-s,are,use,-d,in,asia,-n,medicine,.,.,.,.,.,.,.
the,horn,-s,are,also,use,-d,to,make,dagger,handle,-s,in,yemen,and,oman,.
loss,of,habitat,is,also,a,danger,to,rhinos,.,.,.,.,.,.,.,.
a,raven,is,a,big,black,bird,.,.,.,.,.,.,.,.,.,.
it,is,also,call,-ed,the,common,raven,or,the,north,-ern,raven,.,.,.,.
it,is,similar,to,a,crow,but,bigger,.,.,.,.,.,.,.,.,.
it,and,the,thick,billed,raven,are,the,two,large,-st,bird,-s,in,the,crow,family
they,are,perhaps,the,heaviest,perch,-ing,bird,-s,.,.,.,.,.,.,.,.
the,raven,-s,feathers,are,all,black,.,.,.,.,.,.,.,.,.,.
a,crow,has,feathers,that,are,white,at,the,bottom,.,.,.,.,.,.,.
the,common,raven,can,be,tame,-d,.,.,.,.,.,.,.,.,.,.
rabbit,-s,or,bunnies,are,mammal,-s,of,the,order,lagomorpha,.,.,.,.,.,.
there,are,about,fifty,different,species,of,rabbit,-s,and,hares,.,.,.,.,.,.
the,order,lagomorpha,is,made,of,rabbit,-s,pikas,and,hares,.,.,.,.,.,.
rabbit,-s,can,be,found,in,many,part,-s,of,the,world,.,.,.,.,.
they,live,in,families,and,eat,vegetables,and,hay,.,.,.,.,.,.,.,.
in,the,wild,rabbit,-s,live,in,burrow,-s,that,they,dig,themselves,.,.,.,.
a,group,of,rabbit,-s,living,together,in,a,burrow,is,call,-ed,a,warren,.,.
a,male,rabbit,is,call,-ed,a,buck,and,a,fe-,male,is,call,-ed,a,doe
a,baby,rabbit,is,call,-ed,a,kit,which,is,short,for,kit,ten,.,.,.
rabbit,-s,have,a,gestation,period,of,a-,round,thirty,one,day,-s,.,.,.,.
the,babies,are,collect,-ive,-ly,referred,to,as,a,litter,.,.,.,.,.,.
some,people,have,rabbit,-s,as,pet,-s,.,.,.,.,.,.,.,.,.
rabbit,-s,are,also,raise,-d,for,their,meat,.,.,.,.,.,.,.,.
rabbit,-s,are,prey,animal,-s,.,.,.,.,.,.,.,.,.,.,.
they,are,care,-ful,in,open,space,-s,.,.,.,.,.,.,.,.,.
if,they,sense,danger,they,freeze,and,watch,.,.,.,.,.,.,.,.,.
rabbit,vision,has,a,very,wide,field,including,over,head,scanning,.,.,.,.,.,.
their,predator,-s,are,foxes,wolves,cat,-s,dog,-s,snake,-s,and,bird,-s,of,prey
people,are,also,know,-n,to,shoot,rabbit,-s,be-,cause,they,eat,crops,.,.,.
rabbit,-s,have,a,complex,social,structure,.,.,.,.,.,.,.,.,.,.
they,have,a,hierarchy,like,dog,-s,.,.,.,.,.,.,.,.,.,.
rabbit,ear,-s,probably,have,several,functions,.,.,.,.,.,.,.,.,.,.
in,the,wild,rabbit,-s,have,plenty,to,keep,them,occupied,.,.,.,.,.,.
captive,rabbit,-s,on,the,other,hand,often,lack,stimulation,.,.,.,.,.,.,.
this,can,lead,to,behaviour,-al,problems,and,poor,heal,-th,.,.,.,.,.,.
snake,-s,are,reptiles,.,.,.,.,.,.,.,.,.,.,.,.,.
they,are,also,know,-n,as,serpentes,.,.,.,.,.,.,.,.,.,.
they,are,part,of,the,order,squamata,.,.,.,.,.,.,.,.,.,.
they,are,carnivores,with,long,narrow,bodies,and,no,legs,.,.,.,.,.,.,.
the,earliest,know,-n,snake,fossil,-s,are,from,the,middle,jurassic,period,-s,.,.,.
snake,-s,evolved,from,lizard,like,ancestor,-s,.,.,.,.,.,.,.,.,.
bone,fossil,-s,show,how,snake,-s,have,adapt,-ed,to,their,surrounding,-s,.,.,.
this,has,enabled,them,to,be-,come,success,-ful,predator,-s,in,various,eco-,system,-s,.
over,time,the,snake,skull,has,evolved,.,.,.,.,.,.,.,.,.,.
it,be-,came,more,flexible,which,make,-s,it,possible,to,swallow,prey,whole,.,.,.
the,squamata,ancestor,-s,of,snake,-s,and,lizard,-s,are,a,monophyletic,group,.,.,.
they,descended,from,a,single,ancestor,.,.,.,.,.,.,.,.,.,.,.
judged,by,their,fossil,record,squamates,existed,in,the,mesozoic,era,.,.,.,.,.,.
but,they,had,a,minor,place,in,the,land,ecology,.,.,.,.,.,.,.
three,of,the,six,line,-s,are,record,-ed,first,in,the,upper,jurassic,period,.,.
the,other,-s,were,in,the,cretaceous,period,.,.,.,.,.,.,.,.,.
probably,all,certain,-ly,the,lizard,-s,arose,earlier,in,the,jurassic,.,.,.,.,.
al-,though,snake,-s,and,lizard,-s,look,very,different,neither,is,a,proper,clade,.,.
there,is,a,monophyletic,clade,within,the,squamata,.,.,.,.,.,.,.,.,.
it,is,the,toxicofera,.,.,.,.,.,.,.,.,.,.,.,.,.
scientists,have,a,fossil,of,a,primitive,snake,from,the,low,-er,cretaceous,epoch,.,.,.
it,had,rather,small,front,and,rear,legs,.,.,.,.,.,.,.,.,.
the,snake,live,-d,on,land,and,was,adapt,-ed,to,burrow,-ing,.,.,.,.
it,was,prey,-ing,on,other,animal,-s,which,is,a,snake,feature,.,.,.,.
most,snake,species,live,in,the,tropic,-s,.,.,.,.,.,.,.,.,.
few,live,beyond,the,tropic,of,cancer,or,tropic,of,capricorn,.,.,.,.,.,.
most,snake,-s,live,on,the,ground,and,in,the,tree,-s,.,.,.,.,.
other,-s,live,in,the,water,and,a,few,live,under,the,soil,.,.,.,.
like,other,reptiles,snake,-s,are,ectotherms,.,.,.,.,.,.,.,.,.,.
they,control,their,body,temperature,by,moving,in,and,out,of,the,direct,sunshine,.,.,.
most,snake,-s,are,non,venom,-ous,.,.,.,.,.,.,.,.,.,.
those,that,have,venom,use,it,main,-ly,to,kill,and,sub,due,prey,.,.,.
some,have,venom,potent,enough,to,cause,painful,injury,or,death,to,human,-s,.,.,.
there,are,three,major,families,of,snake,-s,.,.,.,.,.,.,.,.,.
snake,-s,range,in,size,.,.,.,.,.,.,.,.,.,.,.,.
tiny,thread,snake,-s,are,ten,point,four,cm,long,.,.,.,.,.,.,.
reticulated,python,can,be,six,point,nine,five,meter,-s,in,length,.,.,.,.,.
many,species,have,skull,-s,with,more,joints,than,the,skull,-s,of,their,lizard,ancestor,-s
this,allow,-s,the,snake,-s,to,swallow,prey,much,large,-r,than,their,head,-s,.
the,bone,-s,of,the,head,and,jaw,-s,can,move,a-,part,.,.,.,.
this,let,-s,large,prey,move,into,their,body,.,.,.,.,.,.,.,.
the,throat,stomach,and,intestines,can,also,expand,.,.,.,.,.,.,.,.,.
their,long,slender,body,has,some,special,feature,-s,.,.,.,.,.,.,.,.
they,have,overlapping,scale,-s,.,.,.,.,.,.,.,.,.,.,.,.
this,protect,them,and,help,them,move,and,climb,tree,-s,.,.,.,.,.,.
in,their,narrow,bodies,snake,-s,pair,-ed,organs,appear,one,after,other,.,.,.,.
most,have,only,one,work,-ing,lung,.,.,.,.,.,.,.,.,.,.
they,have,no,eyelids,or,external,ear,-s,.,.,.,.,.,.,.,.,.
snake,-s,need,to,she,-d,their,skin,regular,-ly,while,they,grow,.,.,.,.
snake,-s,she,-d,their,skin,by,rubbing,their,head,against,some,thing,rough,and,hard,.
this,cause,-s,the,skin,to,split,open,.,.,.,.,.,.,.,.,.
all,snake,-s,are,carnivorous,.,.,.,.,.,.,.,.,.,.,.,.
some,are,venom,-ous,.,.,.,.,.,.,.,.,.,.,.,.,.
other,snake,-s,are,constrictors,.,.,.,.,.,.,.,.,.,.,.,.
constrictors,are,not,venom,-ous,.,.,.,.,.,.,.,.,.,.,.,.
they,squeeze,their,prey,to,death,.,.,.,.,.,.,.,.,.,.,.
snake,-s,are,cold,blood,-ed,.,.,.,.,.,.,.,.,.,.,.
they,do,not,have,to,eat,as,regular,-ly,as,mammal,-s,.,.,.,.,.
some,people,own,pet,snake,-s,.,.,.,.,.,.,.,.,.,.,.
they,are,fed,in-,frequently,as,once,per,month,.,.,.,.,.,.,.,.
snake,-s,have,a,very,flexible,low,-er,jaw,.,.,.,.,.,.,.,.
neither,are,many,other,joints,in,their,skull,-s,.,.,.,.,.,.,.,.
snake,-s,can,move,even,with,out,arms,and,legs,.,.,.,.,.,.,.
they,have,develop,-ed,several,different,way,-s,of,moving,.,.,.,.,.,.,.
late,-r,-al,undulation,is,a,snake,-s,only,way,of,moving,in,water,.,.,.
snake,-s,common,-ly,use,it,on,land,.,.,.,.,.,.,.,.,.
this,movement,appear,-s,rapid,.,.,.,.,.,.,.,.,.,.,.,.
terrestrial,late,-r,-al,undulation,is,the,most,common,mode,of,moving,for,most,snake,species,.
in,this,mode,the,posteriorly,moving,wave,-s,push,against,contact,point,-s,in,the,environment,.
this,movement,is,same,over,sand,and,in,water,.,.,.,.,.,.,.,.
this,movement,make,-s,a,force,against,the,ground,sand,or,water,.,.,.,.,.
the,speed,of,the,movement,depend,-s,upon,the,density,of,push,point,-s,in,the,environment
the,wave,speed,is,the,same,as,the,snake,-s,speed,.,.,.,.,.,.
snake,-s,move,forward,in,water,by,moving,their,bodies,in,a,wave,like,motion,.,.
the,wave,-s,be-,come,large,-r,as,they,move,down,the,snake,-s,body,.,.
the,wave,travel,-s,backwards,fast,-er,than,the,snake,move,-s,forward,-s,.,.,.
this,is,most,often,use,-d,by,colubroid,snake,-s,.,.,.,.,.,.,.
sidewinding,is,a,modified,form,of,late,-r,-al,undulation,.,.,.,.,.,.,.
while,the,other,segments,are,lifted,up,.,.,.,.,.,.,.,.,.,.
this,result,-s,in,a,peculiar,roll,-ing,motion,.,.,.,.,.,.,.,.
these,show,each,bell,-y,scale,imprint,with,out,any,smearing,.,.,.,.,.,.
in,this,mode,the,snake,braces,the,back,part,of,its,body,against,the,tunnel,wall,.
while,the,front,of,the,snake,ex-,tend,-s,and,straightens,.,.,.,.,.,.
this,mode,of,moving,is,slow,and,very,demanding,.,.,.,.,.,.,.,.
the,slow,-est,mode,of,snake,moving,is,rectilinear,moving,.,.,.,.,.,.,.
during,this,the,snake,doe,-s,not,need,to,bend,its,body,later,-al,-ly,.,.
though,it,may,do,so,when,turn,-ing,.,.,.,.,.,.,.,.,.
in,this,mode,the,bell,-y,scale,-s,are,lifted,and,pull,-ed,forward,.,.,.
the,scale,-s,are,place,-d,down,and,the,body,pull,-ed,over,them,.,.,.
the,movement,of,snake,-s,in,tree,-s,has,only,recent,-ly,been,studied,.,.,.
in,genera,-l,snake,-s,will,use,a,modified,form,of,concertina,moving,on,smooth,branch,-es
but,they,will,later,-al,-ly,undulate,if,contact,point,-s,are,available,.,.,.,.
snake,-s,move,fast,-er,on,small,branch,-es,and,when,contact,point,-s,are,present,.
gliding,snake,-s,in,south,east,asia,launch,themselves,from,branch,tip,-s,.,.,.,.
they,spread,their,ribs,and,later,-al,-ly,undulating,as,they,glide,between,tree,-s,.,.
a,north,america,-n,sparrow,is,a,member,of,the,genus,pass,-er,.,.,.,.
they,are,small,passerine,bird,-s,which,be-,long,to,the,family,passeridae,.,.,.,.
they,are,also,know,-n,as,old,world,sparrow,-s,.,.,.,.,.,.,.
sparrow,-s,often,make,their,nest,-s,near,house,-s,or,build,-ings,.,.,.,.
the,genus,has,about,thirty,species,a-,round,the,world,.,.,.,.,.,.,.
some,authorities,place,other,genera,in,the,sparrow,group,.,.,.,.,.,.,.,.
sparrow,-s,are,small,bird,-s,.,.,.,.,.,.,.,.,.,.,.
they,are,usually,brown,and,grey,.,.,.,.,.,.,.,.,.,.,.
they,have,short,tail,-s,and,small,strong,beaks,.,.,.,.,.,.,.,.
most,sparrow,-s,eat,seeds,or,small,insects,.,.,.,.,.,.,.,.,.
the,house,sparrow,is,a,species,of,sparrow,.,.,.,.,.,.,.,.,.
it,live,-s,all,over,the,world,.,.,.,.,.,.,.,.,.,.
it,original,-ly,live,-d,only,in,europe,and,asia,.,.,.,.,.,.,.
how,ever,people,travel,led,to,new,place,-s,.,.,.,.,.,.,.,.
the,house,sparrow,went,to,those,place,-s,too,.,.,.,.,.,.,.,.
it,is,now,the,bird,with,the,wide,-st,distribution,.,.,.,.,.,.,.
this,mean,-s,it,live,-s,in,the,most,place,-s,.,.,.,.,.,.
sparrow,-s,can,be,see,-n,on,ever,-y,continent,on,earth,.,.,.,.,.
a,long,time,ago,they,live,-d,only,in,europe,asia,and,africa,.,.,.,.
how,ever,people,travel,-ed,to,australia,north,america,and,south,america,.,.,.,.,.
and,now,sparrow,-s,are,see,-n,there,too,.,.,.,.,.,.,.,.
the,house,sparrow,is,see,-n,in,ever,-y,continent,.,.,.,.,.,.,.
in,australia,there,are,no,sparrow,-s,in,west,-ern,australia,.,.,.,.,.,.
they,have,not,been,able,to,travel,across,the,desert,-s,.,.,.,.,.,.
this,desert,separate,-s,that,state,from,the,east,-ern,state,-s,.,.,.,.,.
it,was,introduce,-d,on,purpose,.,.,.,.,.,.,.,.,.,.,.
it,was,imported,by,several,people,.,.,.,.,.,.,.,.,.,.,.
he,wanted,to,introduce,sparrow,-s,to,america,.,.,.,.,.,.,.,.,.
two,of,these,species,were,great,success,-es,.,.,.,.,.,.,.,.,.
some,ornithologists,thought,the,estrildid,finches,were,in,the,same,family,as,sparrow,-s,.,.,.
there,is,also,a,group,call,-ed,america,-n,sparrow,-s,or,new,world,sparrow,-s,.
the,hedge,sparrow,prunella,modularis,is,also,not,a,true,sparrow,.,.,.,.,.,.
it,is,in,a,different,family,the,prunellidae,.,.,.,.,.,.,.,.,.
the,house,sparrow,is,small,bird,.,.,.,.,.,.,.,.,.,.,.
male,and,fe-,male,house,sparrow,-s,are,different,color,-s,.,.,.,.,.,.
the,male,is,brown,gray,and,white,.,.,.,.,.,.,.,.,.,.
it,has,a,black,throat,.,.,.,.,.,.,.,.,.,.,.,.
the,fe-,male,and,young,house,sparrow,-s,are,brown,and,dark,yellow,or,cream,.,.
the,house,sparrow,live,-s,close,to,human,-s,.,.,.,.,.,.,.,.
they,are,often,see,-n,near,human,house,-s,in,towns,or,cities,.,.,.,.
it,also,live,-s,near,farm,-s,.,.,.,.,.,.,.,.,.,.
they,make,-s,a,nest,in,a,bush,or,small,tree,.,.,.,.,.,.
it,can,have,two,or,three,broods,per,year,.,.,.,.,.,.,.,.
nest,sites,are,varied,though,cavities,are,prefer,red,.,.,.,.,.,.,.,.
nest,-s,are,most,frequently,built,in,the,crevices,of,house,-s,.,.,.,.,.
more,often,it,use,-s,the,nest,-s,of,other,bird,-s,.,.,.,.,.
it,often,use,-s,desert,-ed,nest,-s,.,.,.,.,.,.,.,.,.
tree,hollows,are,more,common,-ly,use,-d,in,north,america,than,in,europe,.,.,.
the,number,of,house,sparrow,-s,in,the,unit,-ed,kingdom,has,gone,down,.,.,.
this,is,be-,cause,their,hedge,row,habitat,has,shrunk,.,.,.,.,.,.,.
they,are,now,endangered,in,the,unit,-ed,kingdom,.,.,.,.,.,.,.,.
how,ever,in,other,countries,the,bird,is,still,very,common,.,.,.,.,.,.
hedge,-s,are,necessary,to,the,bird,.,.,.,.,.,.,.,.,.,.
this,is,be-,cause,predator,-s,can,not,usually,get,at,their,nest,-s,.,.,.
sparrow,-s,eat,some,grain,.,.,.,.,.,.,.,.,.,.,.,.
so,mao,decided,that,sparrow,-s,should,be,eliminated,in,china,.,.,.,.,.,.
the,result,was,a,disastrous,famine,with,grain,yields,a,fraction,of,what,went,before,.,.
apparently,no,one,knew,enough,about,sparrow,-s,.,.,.,.,.,.,.,.,.
they,are,major,predator,-s,of,locusts,.,.,.,.,.,.,.,.,.,.
with,few,sparrow,-s,locusts,thrived,and,ate,much,of,the,wheat,.,.,.,.,.
sloths,are,mammal,-s,from,central,and,south,america,.,.,.,.,.,.,.,.
they,are,part,of,the,order,pilosa,.,.,.,.,.,.,.,.,.,.
there,are,two,families,of,sloths,.,.,.,.,.,.,.,.,.,.,.
most,scientists,call,these,two,families,the,folivora,while,some,call,them,the,phyllophaga,.,.,.
the,biogeographic,origins,of,the,pilosa,is,still,un-,clear,.,.,.,.,.,.,.
sloths,are,active,at,night,.,.,.,.,.,.,.,.,.,.,.,.
they,sleep,curled,up,with,their,head,place,-d,between,the,arms,.,.,.,.,.
they,can,hang,upside,down,with,the,help,of,their,hook,like,claws,.,.,.,.
sloths,rare,-ly,climb,down,from,the,tree,-s,.,.,.,.,.,.,.,.
when,they,are,on,the,ground,they,can,only,crawl,awkwardly,.,.,.,.,.,.
how,ever,when,there,is,a,forest,flood,they,are,very,good,swimmer,-s,.,.,.
sloths,can,live,for,up,to,thirty,year,-s,.,.,.,.,.,.,.,.
they,most,-ly,just,eat,leave,-s,and,flowers,.,.,.,.,.,.,.,.
this,take,a,very,long,time,to,digest,.,.,.,.,.,.,.,.,.
sloths,move,slow,-ly,.,.,.,.,.,.,.,.,.,.,.,.,.
the,tiger,is,the,large,-st,living,member,of,the,cat,family,the,felidae,.,.,.
it,feed,-s,by,hunt,-ing,and,it,live,-s,in,asia,.,.,.,.,.
there,are,tiger,-s,with,distinct,color,-s,.,.,.,.,.,.,.,.,.
most,tiger,-s,have,orange,fur,with,black,stripes,and,a,white,bell,-y,.,.,.
the,black,stripes,usually,ex-,tend,to,the,white,under,side,.,.,.,.,.,.
the,stripes,are,vertical,on,the,tiger,-s,body,.,.,.,.,.,.,.,.
the,stripes,are,horizontal,on,the,forehead,and,the,legs,.,.,.,.,.,.,.
the,tail,has,ring,-s,and,the,tail,tip,is,black,.,.,.,.,.,.
the,stripes,are,use,-d,to,keep,them,camouflage,-d,while,hunt,-ing,.,.,.,.
no,two,tiger,-s,have,the,same,pattern,of,stripes,.,.,.,.,.,.,.
most,bengal,tiger,-s,have,orange,fur,.,.,.,.,.,.,.,.,.,.
some,bengal,tiger,-s,have,white,fur,with,black,stripes,.,.,.,.,.,.,.
some,even,have,pure,white,fur,.,.,.,.,.,.,.,.,.,.,.
these,white,tiger,-s,are,not,albinos,with,red,eye,-s,.,.,.,.,.,.
the,white,coat,only,appear,-s,once,in,ever,-y,one,hundred,birth,-s,.,.,.
tiger,-s,vary,in,size,depend,-ing,on,their,sub,species,.,.,.,.,.,.
siberian,tiger,-s,are,the,large,-st,.,.,.,.,.,.,.,.,.,.
male,-s,can,grow,to,at,least,nine,ft,long,and,weigh,about,nine,hundred,lb,.
fe-,male,-s,are,a,bit,small,-er,.,.,.,.,.,.,.,.,.
tiger,-s,can,live,in,a,variety,of,habitat,-s,.,.,.,.,.,.,.
tiger,-s,are,solitary,.,.,.,.,.,.,.,.,.,.,.,.,.
they,all,control,large,amount,-s,of,territory,.,.,.,.,.,.,.,.,.
the,size,of,territory,depend,-s,on,the,availability,of,various,food,for,tiger,-s,and,prey
a,fe-,male,tiger,may,have,twenty,square,kilometers,.,.,.,.,.,.,.,.
the,tiger,had,five,living,sub,species,.,.,.,.,.,.,.,.,.,.
tiger,-s,are,becoming,rare,.,.,.,.,.,.,.,.,.,.,.,.
people,hunt,them,for,their,coat,and,destroy,the,habitat,-s,they,live,in,.,.,.
the,bengal,tiger,has,the,large,-st,population,with,three,thousand,five,hundred,left,in,the,wild
to,help,keep,the,tiger,population,tiger,-s,are,often,place,-d,in,zoos,.,.,.
chinese,tiger,-s,have,been,use,-d,for,centuries,in,traditional,chinese,medicine,.,.,.,.
tiger,-s,also,kill,and,eat,people,-s,and,live,stock,.,.,.,.,.,.
these,are,easier,to,hunt,than,their,typical,prey,.,.,.,.,.,.,.,.
they,are,often,in,fenced,or,close,-d,area,-s,.,.,.,.,.,.,.
enclosed,live,stock,may,not,be,able,to,flee,.,.,.,.,.,.,.,.
some,time,-s,tiger,-s,hunt,people,as,prey,and,eat,them,.,.,.,.,.
these,tiger,-s,are,either,too,old,injured,or,ill,to,hunt,their,typical,prey,.,.
their,typical,prey,are,are,much,fast,-er,than,people,.,.,.,.,.,.,.
tiger,-s,eat,many,type,-s,of,prey,most,-ly,ungulate,-s,.,.,.,.,.
they,also,eat,bird,-s,reptiles,and,fish,.,.,.,.,.,.,.,.,.
they,also,prey,on,other,predator,-s,including,dog,-s,leopards,bear,-s,and,snake,-s,.
all,are,carnivores,.,.,.,.,.,.,.,.,.,.,.,.,.,.
some,tiger,-s,may,eat,up,to,fifty,pounds,of,meat,a,day,.,.,.,.
a,unicorn,is,a,legendary,and,mythical,creature,.,.,.,.,.,.,.,.,.
it,look,-s,like,a,pony,with,one,long,single,white,horn,on,its,head,.,.
in,some,picture,-s,unicorn,-s,also,have,horse,-s,feet,or,a,lion,-s,tail,.
the,word,unicorn,mean,-s,one,horn,-ed,.,.,.,.,.,.,.,.,.
unicorn,-s,are,found,in,many,stories,and,myths,from,a-,round,the,world,.,.,.
the,unicorn,symbolizes,innocence,purity,and,feminine,power,.,.,.,.,.,.,.,.,.
this,power,was,often,call,-ed,alicorn,in,medieval,time,-s,.,.,.,.,.,.
that,is,when,stories,of,unicorn,-s,be-,came,more,popular,.,.,.,.,.,.
christian,legends,say,the,unicorn,is,as,small,as,a,normal,size,-d,goat,.,.,.
according,to,these,legends,unicorn,-s,are,so,fearful,that,no,hunt,-er,can,catch,them,.
vultures,are,large,bird,-s,of,prey,.,.,.,.,.,.,.,.,.,.
they,usually,feed,on,the,carrion,.,.,.,.,.,.,.,.,.,.,.
vultures,use,their,large,wings,to,soar,in,the,air,.,.,.,.,.,.,.
they,can,soar,for,many,miles,with,out,having,to,flap,.,.,.,.,.,.
vultures,from,the,old,world,are,not,related,to,the,vultures,of,the,new,world,.,.
they,look,quite,similar,though,.,.,.,.,.,.,.,.,.,.,.,.
old,world,vultures,are,related,to,eagles,and,hawk,-s,.,.,.,.,.,.,.
they,use,sight,to,find,their,food,.,.,.,.,.,.,.,.,.,.
new,world,vultures,use,their,sense,of,smell,to,find,their,food,.,.,.,.,.
wallabies,are,marsupial,-s,from,the,island,-s,of,australia,tasmania,new,zealand,and,new,guinea,.
they,are,small,to,medium,size,-d,kangaroo,-s,.,.,.,.,.,.,.,.
wallabies,range,in,size,from,the,size,of,a,rabbit,to,al-,most,six,ft,long,.
the,soft,woolly,fur,can,be,gray,brown,red,or,al-,most,black,.,.,.,.
the,bell,-y,is,light,-er,.,.,.,.,.,.,.,.,.,.,.
fe-,male,-s,have,a,pouch,in,which,the,young,live,and,drink,milk,.,.,.
male,-s,are,large,-r,than,fe-,male,-s,.,.,.,.,.,.,.,.
babies,are,call,-ed,joeys,.,.,.,.,.,.,.,.,.,.,.,.
they,have,short,arms,and,legs,with,clawed,finger,-s,.,.,.,.,.,.,.
each,limb,has,long,four,toed,feet,with,claws,.,.,.,.,.,.,.,.
they,can,hop,and,jump,with,their,power,-ful,.,.,.,.,.,.,.,.
these,herbivore,-s,eat,grass,leave,-s,and,roots,.,.,.,.,.,.,.,.
they,swallow,their,food,with,out,chew,-ing,it,.,.,.,.,.,.,.,.
they,late,-r,regurgitate,a,cud,and,chew,it,.,.,.,.,.,.,.,.
they,need,very,little,water,.,.,.,.,.,.,.,.,.,.,.,.
the,wolf,is,a,mammal,of,the,order,carnivora,.,.,.,.,.,.,.,.
it,is,the,ancestor,of,the,domestic,dog,.,.,.,.,.,.,.,.,.
there,are,many,different,wolf,sub,species,.,.,.,.,.,.,.,.,.,.
adult,wolves,length,from,nose,to,tail,vary,depend,-ing,on,the,sub,species,.,.,.
wolves,living,in,the,far,north,ten,-d,to,be,large,-r,than,those,living,further,south
as,adult,-s,they,may,weigh,typical,-ly,between,twenty,three,to,fifty,kilograms,.,.,.
wolves,usually,measure,twenty,six,to,thirty,eight,inches,at,the,should,-er,.,.,.,.
wolves,have,fur,made,up,of,two,layer,-s,.,.,.,.,.,.,.,.
the,top,lay,-er,is,resistant,to,dirt,.,.,.,.,.,.,.,.,.
the,under,lay,-er,is,water,resistant,.,.,.,.,.,.,.,.,.,.
the,colour,of,their,fur,can,be,grey,white,taupe,or,black,.,.,.,.,.
the,under,part,-s,and,legs,are,usually,cream,-y,gray,.,.,.,.,.,.
the,eye,-s,are,yellow,.,.,.,.,.,.,.,.,.,.,.,.
wolves,live,in,group,-s,call,-ed,pack,-s,.,.,.,.,.,.,.,.
they,are,pack,hunt,-er,-s,.,.,.,.,.,.,.,.,.,.,.
the,member,-s,of,the,pack,are,usually,family,member,-s,.,.,.,.,.,.
wolves,that,are,not,family,may,join,if,they,do,not,have,a,pack,.,.,.
pack,-s,are,usually,up,to,twelve,wolves,.,.,.,.,.,.,.,.,.
but,they,can,be,as,small,as,two,or,as,large,as,twenty,five,.,.,.
the,lead,-ers,are,call,-ed,the,parent,male,and,the,parent,fe-,male,.,.,.
their,territory,is,mark,-ed,by,scent,and,howl,-ing,.,.,.,.,.,.,.
young,wolves,are,call,-ed,pups,or,cub,-s,.,.,.,.,.,.,.,.
wolves,make,a,noise,call,-ed,a,how,-l,.,.,.,.,.,.,.,.
they,how,-l,to,communicate,with,each,other,from,long,distance,-s,.,.,.,.,.
they,also,mark,the,edges,of,their,territory,.,.,.,.,.,.,.,.,.
wolves,can,run,very,fast,and,far,.,.,.,.,.,.,.,.,.,.
wolves,are,carnivores,.,.,.,.,.,.,.,.,.,.,.,.,.,.
they,eat,most,-ly,medium,to,large,size,hoofed,animal,-s,.,.,.,.,.,.
they,will,also,eat,rodent,-s,insectivores,and,foxes,.,.,.,.,.,.,.,.
some,wolves,have,been,see,-n,eating,salmon,seals,lizard,-s,snake,-s,and,bird,-s,.
they,also,eat,moose,bison,deer,reindeer,and,other,large,animal,-s,.,.,.,.,.
wolves,usually,stalk,old,or,sick,animal,-s,.,.,.,.,.,.,.,.,.
but,they,do,not,al-,ways,catch,what,they,stalk,.,.,.,.,.,.,.
they,may,go,day,-s,with,out,food,.,.,.,.,.,.,.,.,.
some,time,-s,only,one,out,of,twelve,hunt,-s,are,success,-ful,.,.,.,.
but,the,way,they,eat,stay,-s,the,same,.,.,.,.,.,.,.,.
the,alpha,male,and,fe-,male,feed,first,.,.,.,.,.,.,.,.,.
the,-n,the,other,member,-s,feed,.,.,.,.,.,.,.,.,.,.
some,time,-s,wolves,may,store,food,and,come,back,that,day,to,feed,on,it,.
wolves,have,very,sharp,teeth,.,.,.,.,.,.,.,.,.,.,.,.
this,help,-s,them,tear,large,chunks,of,meat,from,a,dead,animal,.,.,.,.
wolves,are,found,in,eurasia,and,north,america,.,.,.,.,.,.,.,.,.
the,arctic,wolf,may,be,a,sub,species,of,the,grey,wolf,.,.,.,.,.
the,habitat,of,arctic,wolves,is,very,hostile,.,.,.,.,.,.,.,.,.
not,much,is,know,-n,about,their,life,style,.,.,.,.,.,.,.,.
their,winter,fur,is,high,-ly,resistant,to,the,cold,.,.,.,.,.,.,.
wolf,fur,provide,-s,better,insulation,than,dog,fur,.,.,.,.,.,.,.,.
wolf,fur,doe,-s,not,collect,ice,when,warm,breath,is,condensed,against,it,.,.,.
for,last,six,-ty,year,-s,the,skull,of,many,arctic,wolves,has,grow,-n,small,-er
this,might,be,be-,cause,of,hybridization,between,wolves,and,dog,-s,.,.,.,.,.
they,are,three,feet,tall,when,they,are,adult,-s,.,.,.,.,.,.,.
adult,arctic,wolves,weigh,about,seven,-ty,five,to,one,hundred,and,twenty,pounds,.,.,.
many,people,think,that,wolves,are,terrible,creature,-s,.,.,.,.,.,.,.,.
wolves,are,actual,-ly,much,gentle,-r,than,many,people,imagine,.,.,.,.,.,.
the,main,reason,wolves,be-,come,violent,is,be-,cause,they,may,be,sick,.,.,.
or,they,are,trying,to,protect,other,wolves,in,the,pack,.,.,.,.,.,.
many,people,a-,round,the,world,have,huskies,for,pet,-s,.,.,.,.,.,.
a,few,year,-s,ago,wolves,were,put,back,into,yellowstone,national,park,in,wyoming,.,.
wolves,were,becoming,endangered,.,.,.,.,.,.,.,.,.,.,.,.,.
the,wolves,have,been,very,success,-ful,in,the,park,.,.,.,.,.,.,.
there,had,been,no,wolves,there,for,a,long,time,.,.,.,.,.,.,.
many,people,were,not,happy,about,this,.,.,.,.,.,.,.,.,.,.
they,were,afraid,that,the,wolves,would,eat,live,stock,near,the,park,.,.,.,.
wolves,in,britain,were,all,kill,-ed,after,centuries,of,hunt,-ing,.,.,.,.,.
the,last,wolves,survive,-d,in,the,scottish,high,land,-s,.,.,.,.,.,.
wolves,could,help,add,back,plant,-s,that,are,now,eat,-en,by,deer,.,.,.
the,wolves,would,keep,the,deer,population,low,-er,.,.,.,.,.,.,.,.
media,related,to,canis,lupus,at,wikimedia,common,-s,.,.,.,.,.,.,.,.
whale,-s,are,a,group,of,cetacean,mammal,-s,that,live,in,the,ocean,.,.,.
people,use,the,word,whale,in,different,way,-s,.,.,.,.,.,.,.,.
some,use,it,for,all,cetacean,-s,including,dolphins,and,porpoises,.,.,.,.,.,.
other,-s,separate,out,the,dolphins,and,porpoises,.,.,.,.,.,.,.,.,.
whale,-s,have,been,kill,-ed,for,meat,and,oil,by,whale,-rs,.,.,.,.
how,ever,many,countries,have,law,-s,saying,not,to,kill,whale,-s,.,.,.,.
some,countries,such,as,ice,land,and,japan,do,not,have,these,law,-s,.,.,.
baleen,whale,-s,eat,plankton,and,krill,.,.,.,.,.,.,.,.,.,.
plankton,are,clouds,of,very,small,fish,float,-ing,in,the,water,.,.,.,.,.
the,whale,-s,mouth,-s,are,very,large,.,.,.,.,.,.,.,.,.
they,open,their,mouth,-s,very,wide,and,hold,a,big,mouth,-ful,of,sea,water,.
their,throat,-s,stretch,very,wide,to,make,the,space,in-,side,their,mouth,even,bigger,.
the,-n,they,close,their,mouth,and,squeeze,out,the,sea,water,.,.,.,.,.
the,food,doe,-s,not,escape,.,.,.,.,.,.,.,.,.,.,.
instead,of,teeth,these,whale,-s,have,filters,call,-ed,baleen,.,.,.,.,.,.
baleen,is,long,hard,strips,that,act,like,a,strainer,.,.,.,.,.,.,.
the,water,goes,through,the,baleen,.,.,.,.,.,.,.,.,.,.,.
toothed,whale,-s,eat,large,-r,fish,or,meat,and,are,like,big,dolphins,.,.,.
they,have,sharp,teeth,and,usually,have,a,big,forehead,.,.,.,.,.,.,.
in-,side,the,big,forehead,is,a,chamber,to,make,and,direct,sound,-s,.,.,.
they,make,all,kind,-s,of,sound,-s,including,sound,-s,so,loud,they,can,shock,fish
they,use,echolocation,to,locate,thing,-s,they,can,not,see,.,.,.,.,.,.
some,toothed,whale,-s,such,as,the,sperm,whale,are,al-,most,never,call,-ed,dolphins,.
some,of,them,are,al-,ways,call,-ed,dolphins,.,.,.,.,.,.,.,.
cetacean,-s,are,divided,into,two,sub,order,-s,.,.,.,.,.,.,.,.
they,descendants,of,land,living,mammal,-s,.,.,.,.,.,.,.,.,.,.
both,are,related,to,indohyus,.,.,.,.,.,.,.,.,.,.,.,.
they,split,a-,round,fifty,four,million,year,-s,ago,.,.,.,.,.,.,.
be-,cause,of,where,they,live,whale,-s,are,conscious,breath,-e,-rs,.,.,.,.
whale,-s,breath,-e,through,blowholes,.,.,.,.,.,.,.,.,.,.,.
baleen,whale,-s,have,two,and,toothed,whale,-s,have,one,.,.,.,.,.,.
these,are,on,the,top,of,the,head,.,.,.,.,.,.,.,.,.
all,mammal,-s,sleep,including,whale,-s,.,.,.,.,.,.,.,.,.,.
but,they,can,not,stay,in,an,un-,conscious,state,for,too,long,.,.,.,.
they,need,to,be,conscious,to,breath,-e,.,.,.,.,.,.,.,.,.
it,is,thought,that,only,one,hemisphere,of,their,brain,-s,sleep,-s,at,a,time,.
so,whale,-s,are,never,complete,-ly,a-,sleep,.,.,.,.,.,.,.,.
but,still,get,the,rest,they,need,.,.,.,.,.,.,.,.,.,.
a,baby,whale,is,call,-ed,a,calf,.,.,.,.,.,.,.,.,.
one,calf,is,born,ever,-y,two,or,three,year,-s,.,.,.,.,.,.
gestation,take,-s,up,to,a,year,.,.,.,.,.,.,.,.,.,.
nursing,continue,-s,for,more,than,a,year,in,many,species,.,.,.,.,.,.
reproductive,maturity,occur,-s,at,seven,to,ten,year,-s,.,.,.,.,.,.,.
this,mode,of,re-,product,-ion,produce,-s,few,off,spring,.,.,.,.,.,.
but,it,increases,their,chance,of,surviving,.,.,.,.,.,.,.,.,.,.
breaching,is,what,happen,-s,when,a,whale,jump,-s,into,the,air,.,.,.,.
it,the,-n,purpose,full,-y,flops,down,on,the,water,with,a,great,splash,.,.
some,time,-s,it,twirls,in,the,air,when,it,doe,-s,this,.,.,.,.
there,are,a,number,of,other,behavior,-s,on,the,surface,which,are,not,well,understood,.
when,a,whale,doe,-s,this,it,look,-s,like,a,log,in,the,water,.,.
this,is,a,kind,of,rest,or,sleep,for,whale,-s,.,.,.,.,.,.
it,will,some,time,-s,turn,a-,round,in,circle,-s,as,it,spyhops,.,.,.
this,might,be,be-,cause,whale,-s,are,trying,to,see,what,is,happen,-ing,above,water
lobtailing,is,done,when,a,whale,face,-s,downward,in,the,water,.,.,.,.,.
it,the,-n,slaps,the,water,with,a,thunderous,sound,.,.,.,.,.,.,.
the,xolo,is,a,breed,of,dog,from,mexico,.,.,.,.,.,.,.,.
the,xolo,is,also,know,-n,as,the,mexican,hair,less,dog,.,.,.,.,.
most,have,no,hair,but,some,are,born,with,hair,.,.,.,.,.,.,.
the,xolo,also,has,wrinkled,skin,.,.,.,.,.,.,.,.,.,.,.
it,is,found,in,three,size,-s,.,.,.,.,.,.,.,.,.,.
yak,-s,are,long,hair,-ed,species,of,cattle,.,.,.,.,.,.,.,.
there,are,two,type,-s,of,yak,-s,.,.,.,.,.,.,.,.,.
yak,-s,live,in,high,altitude,.,.,.,.,.,.,.,.,.,.,.
zebra,-s,are,mammal,-s,of,the,family,equidae,.,.,.,.,.,.,.,.
zebra,-s,are,africa,-n,horse,-s,.,.,.,.,.,.,.,.,.,.
they,are,in,the,same,genus,as,the,common,horse,and,donkey,-s,.,.,.,.
zebra,-s,are,know,-n,for,having,many,black,and,white,stripes,.,.,.,.,.
all,zebra,-s,have,very,short,fur,be-,cause,they,live,in,hot,area,-s,.,.
their,fur,has,black,and,white,stripes,.,.,.,.,.,.,.,.,.,.
the,main,part,of,the,body,has,most,-ly,vertical,stripes,.,.,.,.,.,.
the,legs,have,horizontal,stripes,.,.,.,.,.,.,.,.,.,.,.,.
they,also,have,a,dark,line,direct,-ly,down,their,spine,.,.,.,.,.,.
each,of,the,different,zebra,species,has,different,type,-s,of,stripes,.,.,.,.,.
the,advantage,is,of,having,those,characteristic,stripes,is,still,un-,know,-n,.,.,.,.
zebra,-s,are,social,animal,-s,that,spend,time,in,herd,-s,.,.,.,.,.
they,graze,together,and,some,time,-s,even,groom,each,other,.,.,.,.,.,.
they,can,have,babies,when,they,are,about,five,year,-s,old,.,.,.,.,.
zebra,-s,main,-ly,eat,grass,.,.,.,.,.,.,.,.,.,.,.
